,nav
2016-01-04,0.9987
2016-01-05,1.0076555619378302
2016-01-06,1.031551348734073
2016-01-07,0.9550116211221173
2016-01-08,0.975827800846338
2016-01-11,0.9185308679392777
2016-01-12,0.9198993987789397
2016-01-13,0.8999060920245371
2016-01-14,0.9197276972648554
2016-01-15,0.8869828894102421
2016-01-18,0.8900488766816478
2016-01-19,0.9159924107610239
2016-01-20,0.9043020575663019
2016-01-21,0.8774669027938605
2016-01-22,0.886243526513457
2016-01-25,0.8916483477810668
2016-01-26,0.832543149717235
2016-01-27,0.8228059981366652
2016-01-28,0.7982306189254897
2016-01-29,0.8232522999716673
2016-02-01,0.8094408840396204
2016-02-02,0.8350561233264612
2016-02-03,0.8373571956546045
2016-02-04,0.8521318388128889
2016-02-05,0.8490777432856823
2016-02-15,0.8399507297019227
2016-02-16,0.8793480580779968
2016-02-17,0.892557846653278
2016-02-18,0.8941619652338872
2016-02-19,0.8929341646089548
2016-02-22,0.914518635497024
2016-02-23,0.9080897919286234
2016-02-24,0.9216757393429508
2016-02-25,0.8484278593241796
2016-02-26,0.8563615063719028
2016-02-29,0.8195514696720588
2016-03-01,0.8428278642627277
2016-03-02,0.880729671162392
2016-03-03,0.8819854948271223
2016-03-04,0.874735365853176
2016-03-07,0.8867943207259965
2016-03-08,0.8871843898840339
2016-03-09,0.8759311953484596
2016-03-10,0.8633201261348277
2016-03-11,0.862337196416141
2016-03-14,0.8837737989961416
2016-03-15,0.8858065191180546
2016-03-16,0.8820699733583518
2016-03-17,0.8969249539958586
2016-03-18,0.9168810322801535
2016-03-21,0.9344120604009375
2016-03-22,0.9323606899911263
2016-03-23,0.9342018054853215
2016-03-24,0.919306835220049
2016-03-25,0.9258444879137464
2016-03-28,0.9243325076513765
2016-03-29,0.9108093929020155
2016-03-30,0.9369325128065875
2016-03-31,0.9390048831529807
2016-04-01,0.9367412578890968
2016-04-05,0.9503077484685963
2016-04-06,0.9491888100694853
2016-04-07,0.9406949208052391
2016-04-08,0.9374712266424694
2016-04-11,0.951288697786657
2016-04-12,0.9477066772986936
2016-04-13,0.9580994171751196
2016-04-14,0.9623275463957712
2016-04-15,0.9621645244812188
2016-04-18,0.9520725954378463
2016-04-19,0.952405620838703
2016-04-20,0.9319900830873634
2016-04-21,0.9283980281785552
2016-04-22,0.9381728714076065
2016-04-25,0.9365588274840709
2016-04-26,0.9424834758323516
2016-04-27,0.9411960122259637
2016-04-28,0.942594356621317
2016-04-29,0.9391861562300735
2016-05-03,0.951039122264484
2016-05-04,0.9496786977820602
2016-05-05,0.9512827328178267
2016-05-06,0.9295030970369403
2016-05-09,0.9079520925687705
2016-05-10,0.9050117696219656
2016-05-11,0.9112867386493538
2016-05-12,0.9145076110021476
2016-05-13,0.9091162447166906
2016-05-16,0.9149668637842738
2016-05-17,0.9113459591396144
2016-05-18,0.9014805997881468
2016-05-19,0.9002861424442035
2016-05-20,0.9038693702752059
2016-05-23,0.9102447122465268
2016-05-24,0.9031192395789498
2016-05-25,0.9030696970443018
2016-05-26,0.904146311176128
2016-05-27,0.9049814096674643
2016-05-30,0.9056887542934565
2016-05-31,0.9337302495293581
2016-06-01,0.9300347266275907
2016-06-02,0.9309073488998072
2016-06-03,0.9347567397880832
2016-06-06,0.9336725183031341
2016-06-07,0.9313803921344423
2016-06-08,0.9293863177804648
2016-06-13,0.9037999948699195
2016-06-14,0.904762930833207
2016-06-15,0.9197912236616058
2016-06-16,0.9148831894442501
2016-06-17,0.9194259902520172
2016-06-20,0.9199897046226012
2016-06-21,0.9179178297454549
2016-06-22,0.9251323533266895
2016-06-23,0.9215861531711738
2016-06-24,0.912494371785585
2016-06-27,0.9224598502998177
2016-06-28,0.9270739503454636
2016-06-29,0.9314878906835415
2016-06-30,0.9311884653540271
2016-07-01,0.9320446212883575
2016-07-04,0.9466052225687202
2016-07-05,0.9486628256132642
2016-07-06,0.949848211372936
2016-07-07,0.9502926945242334
2016-07-08,0.9461139530050902
2016-07-11,0.9502465470422836
2016-07-12,0.9703632675617754
2016-07-13,0.9789641823480039
2016-07-14,0.9775753989461372
2016-07-15,0.9798678632563212
2016-07-18,0.9860151021674575
2016-07-19,0.9791122055348687
2016-07-20,0.9754019874128003
2016-07-21,0.9821235999785639
2016-07-22,0.9738379410002087
2016-07-25,0.9762433614610982
2016-07-26,0.9900127518008952
2016-07-27,0.9809372411340291
2016-07-28,0.9937413423556318
2016-07-29,0.9931092675424564
2016-08-01,0.9851229904020488
2016-08-02,0.9909028289281354
2016-08-03,0.9944128900286737
2016-08-04,0.9999077328400133
2016-08-05,1.0023351374454164
2016-08-08,1.0109014909960228
2016-08-09,1.0165307821529748
2016-08-10,1.0165310787992337
2016-08-11,1.009605134056363
2016-08-12,1.0322383829780286
2016-08-15,1.0577409515220788
2016-08-16,1.0596866605003956
2016-08-17,1.0538166268182654
2016-08-18,1.0560730191964247
2016-08-19,1.0541987203270689
2016-08-22,1.0504132103001291
2016-08-23,1.0474276865421406
2016-08-24,1.0455564679791272
2016-08-25,1.0383842808231052
2016-08-26,1.0393226611349438
2016-08-29,1.04222489880282
2016-08-30,1.043078521505792
2016-08-31,1.0516830038514853
2016-09-01,1.0383813999643416
2016-09-02,1.0378507776518253
2016-09-05,1.0386537508254186
2016-09-06,1.0452108345345235
2016-09-07,1.0440301174063964
2016-09-08,1.0436812780030278
2016-09-09,1.0375585249441535
2016-09-12,1.0181275424150162
2016-09-13,1.0201690190228365
2016-09-14,1.0133369076921255
2016-09-19,1.0224743075303027
2016-09-20,1.0209303008091504
2016-09-21,1.0237722024914522
2016-09-22,1.029672853010768
2016-09-23,1.0301132254992973
2016-09-26,1.0169866368530553
2016-09-27,1.0262454687772518
2016-09-28,1.0260074275950155
2016-09-29,1.0305257743724336
2016-09-30,1.033682996794452
2016-10-10,1.0451470242373964
2016-10-11,1.0486889766305165
2016-10-12,1.0489562359290794
2016-10-13,1.0496807351417596
2016-10-14,1.0494621535333415
2016-10-17,1.0421842383945605
2016-10-18,1.0562341913648845
2016-10-19,1.053853846533576
2016-10-20,1.0533104419351873
2016-10-21,1.0561362422437033
2016-10-24,1.0666360171364087
2016-10-25,1.069276855174717
2016-10-26,1.0646403551594912
2016-10-27,1.063154435149116
2016-10-28,1.0585004640657563
2016-10-31,1.0565018361863505
2016-11-01,1.0622166497611918
2016-11-02,1.055159458008941
2016-11-03,1.0600641130092963
2016-11-04,1.0573369132547497
2016-11-07,1.0540034075970974
2016-11-08,1.059190455219988
2016-11-09,1.0504169806882542
2016-11-10,1.0621052977776853
2016-11-11,1.066027497020613
2016-11-14,1.0681809641552544
2016-11-15,1.069557968825008
2016-11-16,1.0710332247754455
2016-11-17,1.0718809012497281
2016-11-18,1.0679232984186493
2016-11-21,1.0728306898435804
2016-11-22,1.0784140507283013
2016-11-23,1.0813229296226836
2016-11-24,1.085203940590485
2016-11-25,1.0936509493562017
2016-11-28,1.0963446257816396
2016-11-29,1.0986316765884634
2016-11-30,1.0890756081314614
2016-12-01,1.0936152184900898
2016-12-02,1.0827336221535178
2016-12-05,1.0809869062838608
2016-12-06,1.0813689430245759
2016-12-07,1.086089908237513
2016-12-08,1.084585904108321
2016-12-09,1.086040311346172
2016-12-12,1.0588742205548178
2016-12-13,1.058502033470104
2016-12-14,1.0506910687291897
2016-12-15,1.0433365902871579
2016-12-16,1.0494415323954136
2016-12-19,1.0485354054675742
2016-12-20,1.0445502995921572
2016-12-21,1.0503954609046313
2016-12-22,1.0495126723651491
2016-12-23,1.042953759499357
2016-12-26,1.0476081602842622
2016-12-27,1.0445786990461483
2016-12-28,1.0400666530274434
2016-12-29,1.0375570684541644
2016-12-30,1.0442909576684758
2017-01-03,1.049055100560896
2017-01-04,1.0561438720360925
2017-01-05,1.054598822549742
2017-01-06,1.0507647806494789
2017-01-09,1.056607834479278
2017-01-10,1.0550572467971215
2017-01-11,1.046626917787287
2017-01-12,1.0410577368135578
2017-01-13,1.0386807754789373
2017-01-16,1.0345180168360872
2017-01-17,1.0355912505403133
2017-01-18,1.0409893082502915
2017-01-19,1.0408416686621977
2017-01-20,1.0494743917416802
2017-01-23,1.0521461422452207
2017-01-24,1.0576791685062488
2017-01-25,1.0625145746542628
2017-01-26,1.066758247081423
2017-02-03,1.0565548584244364
2017-02-06,1.065598861691293
2017-02-07,1.064847169211838
2017-02-08,1.0696468985784244
2017-02-09,1.0756227935935236
2017-02-10,1.0762906066362452
2017-02-13,1.0835110123406861
2017-02-14,1.0806021536877863
2017-02-15,1.077963484378999
2017-02-16,1.087200400895336
2017-02-17,1.0800738909814898
2017-02-20,1.0961812689054846
2017-02-21,1.1023097971082485
2017-02-22,1.1085532860382772
2017-02-23,1.107181981035608
2017-02-24,1.1072601562717457
2017-02-27,1.0958570859625427
2017-02-28,1.1003421041176387
2017-03-01,1.09920899321774
2017-03-02,1.0927465110401124
2017-03-03,1.0917257013529305
2017-03-06,1.096719469510117
2017-03-07,1.0984043323566233
2017-03-08,1.0967911544241276
2017-03-09,1.0934413957385116
2017-03-10,1.0929531009859859
2017-03-13,1.104674103583567
2017-03-14,1.1055708937214705
2017-03-15,1.1092356829525478
2017-03-16,1.111040612359223
2017-03-17,1.1024855841473507
2017-03-20,1.108567957632929
2017-03-21,1.1164850774992905
2017-03-22,1.1097710303449575
2017-03-23,1.1116044931814368
2017-03-24,1.1176031069388146
2017-03-27,1.1158224595869182
2017-03-28,1.1156881681625535
2017-03-29,1.1117281290702803
2017-03-30,1.1066620298572034
2017-03-31,1.1151228627558722
2017-04-05,1.1253845969487715
2017-04-06,1.124669845478176
2017-04-07,1.1285326737008237
2017-04-10,1.1338766927461923
2017-04-11,1.1413066454403362
2017-04-12,1.1357432524871058
2017-04-13,1.1455104471705526
2017-04-14,1.1330973459695515
2017-04-17,1.1237806880283827
2017-04-18,1.1133552176904495
2017-04-19,1.099579881982127
2017-04-20,1.0964483650920285
2017-04-21,1.0972927296956319
2017-04-24,1.0817191635415886
2017-04-25,1.0815651291439508
2017-04-26,1.083063536449118
2017-04-27,1.0756620991511514
2017-04-28,1.0779916480414582
2017-05-02,1.0672089140596759
2017-05-03,1.0628178559233585
2017-05-04,1.0570715241414985
2017-05-05,1.049392981058521
2017-05-08,1.0431224502499616
2017-05-09,1.0432476796695962
2017-05-10,1.0289415108493332
2017-05-11,1.0233981022659715
2017-05-12,1.0298971617422739
2017-05-15,1.0301343065466575
2017-05-16,1.0396483495725464
2017-05-17,1.037204658280065
2017-05-18,1.031225019065132
2017-05-19,1.0318443313263117
2017-05-22,1.0234910560613204
2017-05-23,1.0182330948529466
2017-05-24,1.0204910042485424
2017-05-25,1.042055542488789
2017-05-26,1.0433218908580606
2017-05-31,1.0453214476986874
2017-06-01,1.0343722187982893
2017-06-02,1.0471445675679971
2017-06-05,1.0529850731532868
2017-06-06,1.054935013758215
2017-06-07,1.0744740635670424
2017-06-08,1.0761891134648294
2017-06-09,1.0762508448566528
2017-06-12,1.064655409668453
2017-06-13,1.0765297696758613
2017-06-14,1.0747108627765536
2017-06-15,1.0834869271755374
2017-06-16,1.0805652201237212
2017-06-19,1.0865869470398153
2017-06-20,1.08981722456553
2017-06-21,1.0934085616379348
2017-06-22,1.083564531110529
2017-06-23,1.0843512331806413
2017-06-26,1.1063908579827542
2017-06-27,1.1069647607115356
2017-06-28,1.1061487119711366
2017-06-29,1.1118204381353152
2017-06-30,1.1133819281675403
2017-07-03,1.11846482235772
2017-07-04,1.1152677394187385
2017-07-05,1.1202159354304186
2017-07-06,1.1204693742756098
2017-07-07,1.124987993388171
2017-07-10,1.1261715773040328
2017-07-11,1.1290643536541454
2017-07-12,1.1286495872333102
2017-07-13,1.142601283192765
2017-07-14,1.147603540144109
2017-07-17,1.137062145727198
2017-07-18,1.1421915922548382
2017-07-19,1.1557585945121187
2017-07-20,1.1609451516072782
2017-07-21,1.160049612466267
2017-07-24,1.1672191946830792
2017-07-25,1.1605950573612702
2017-07-26,1.1610734079742695
2017-07-27,1.159852259345742
2017-07-28,1.1599049656941334
2017-07-31,1.1641209831022787
2017-08-01,1.1674476688004343
2017-08-02,1.1616659200585047
2017-08-03,1.1547770788712866
2017-08-04,1.1502887825737789
2017-08-07,1.1541731945525184
2017-08-08,1.154997122747604
2017-08-09,1.1580682142600263
2017-08-10,1.1526045261020883
2017-08-11,1.1394831409232766
2017-08-14,1.1527067036813619
2017-08-15,1.1544408186891073
2017-08-16,1.1549516978036622
2017-08-17,1.1585827183445743
2017-08-18,1.1620325533955982
2017-08-21,1.1694307239970279
2017-08-22,1.1695938646091584
2017-08-23,1.1680435634492332
2017-08-24,1.1660276099182352
2017-08-25,1.1771113315867585
2017-08-28,1.185218647436377
2017-08-29,1.1819428390507758
2017-08-30,1.1789691000411715
2017-08-31,1.1764175240134187
2017-09-01,1.1744433480895422
2017-09-04,1.1748266179523172
2017-09-05,1.1784267578541172
2017-09-06,1.1773051775724934
2017-09-07,1.1775971206745606
2017-09-08,1.1799049927300709
2017-09-11,1.1827919634637694
2017-09-12,1.1822002906248885
2017-09-13,1.1802537211070299
2017-09-14,1.1808103671561727
2017-09-15,1.1816630022457688
2017-09-18,1.185286202112602
2017-09-19,1.188822998311333
2017-09-20,1.1924977006660227
2017-09-21,1.1856937176663247
2017-09-22,1.1805629963611213
2017-09-25,1.1704853514205398
2017-09-26,1.1727837375660675
2017-09-27,1.172230117306283
2017-09-28,1.1691132958838248
2017-09-29,1.1709964203252274
2017-10-09,1.1811170484729054
2017-10-10,1.1905535573104165
2017-10-11,1.1930465913999857
2017-10-12,1.1882282193673197
2017-10-13,1.189934133273924
2017-10-16,1.1810788487083304
2017-10-17,1.1809544961812268
2017-10-18,1.1800746239371944
2017-10-19,1.1740340042227873
2017-10-20,1.1814270918364023
2017-10-23,1.1846769972392852
2017-10-24,1.1833977177605781
2017-10-25,1.1878383078524684
2017-10-26,1.1851091009900228
2017-10-27,1.1867496854140556
2017-10-30,1.172966687544577
2017-10-31,1.1736357812219838
2017-11-01,1.1699591467012747
2017-11-02,1.1641532072891438
2017-11-03,1.1552424683305451
2017-11-06,1.1543673909481702
2017-11-07,1.160495008345751
2017-11-08,1.1641573823618672
2017-11-09,1.1630480572502475
2017-11-10,1.157583165611218
2017-11-13,1.1604706915289242
2017-11-14,1.154444521224165
2017-11-15,1.15324503194429
2017-11-16,1.1466347289420058
2017-11-17,1.135460790882327
2017-11-20,1.139955429391606
2017-11-21,1.1465050473846286
2017-11-22,1.1572534504235803
2017-11-23,1.1407929315490675
2017-11-24,1.1437909278255791
2017-11-27,1.1361551513445196
2017-11-28,1.1437411087793763
2017-11-29,1.1493194715651658
2017-11-30,1.1431780918029062
2017-12-01,1.1442511404703632
2017-12-04,1.1332978840436974
2017-12-05,1.118152286114899
2017-12-06,1.1204648998631161
2017-12-07,1.118348479307192
2017-12-08,1.1293664112074016
2017-12-11,1.1362250052810474
2017-12-12,1.1249753605355144
2017-12-13,1.1284168528860246
2017-12-14,1.1295053743746766
2017-12-15,1.1275541031513088
2017-12-18,1.1245027926958169
2017-12-19,1.1301300247815231
2017-12-20,1.120846050758504
2017-12-21,1.122529068128169
2017-12-22,1.123023293496991
2017-12-25,1.1166585988481172
2017-12-26,1.1273605854676552
2017-12-27,1.1211667709437936
2017-12-28,1.1251343592752414
2017-12-29,1.1362346483686092
2018-01-02,1.1488789739152292
2018-01-03,1.163245361294877
2018-01-04,1.1643263785351976
2018-01-05,1.1792435965372552
2018-01-08,1.196130514298713
2018-01-09,1.1951122833879908
2018-01-10,1.1903485112873389
2018-01-11,1.188395300081585
2018-01-12,1.1926789815290686
2018-01-15,1.1754594416215858
2018-01-16,1.198604785976191
2018-01-17,1.2013618503367396
2018-01-18,1.2125581170075574
2018-01-19,1.218459238663454
2018-01-22,1.2220363406178039
2018-01-23,1.234508890938733
2018-01-24,1.2364531399687781
2018-01-25,1.2360245455047298
2018-01-26,1.2458021125803835
2018-01-29,1.247458029268357
2018-01-30,1.2366648751806444
2018-01-31,1.23040149285837
2018-02-01,1.2028636838714943
2018-02-02,1.2036748724863755
2018-02-05,1.2047803608518055
2018-02-06,1.15789455430057
2018-02-07,1.1594952843605753
2018-02-08,1.172530669227758
2018-02-09,1.1324226541503106
2018-02-12,1.1558813725366321
2018-02-13,1.1588469877417396
2018-02-14,1.1588575409950188
2018-02-22,1.1740984443038014
2018-02-23,1.174637924178945
2018-02-26,1.1954369247131251
2018-02-27,1.1917750646063632
2018-02-28,1.191513700128977
2018-03-01,1.1988756073525841
2018-03-02,1.1953574934100446
2018-03-05,1.198320698598819
2018-03-06,1.2155963854731113
2018-03-07,1.2111293565271954
2018-03-08,1.2194442677740926
2018-03-09,1.2246010135126406
2018-03-12,1.2314447345719248
2018-03-13,1.2260919368171475
2018-03-14,1.217845229838961
2018-03-15,1.216650414286167
2018-03-16,1.217675887039513
2018-03-19,1.2134205990936633
2018-03-20,1.2088683614665374
2018-03-21,1.2058274361202952
2018-03-22,1.200519555217034
2018-03-23,1.1500668862832357
2018-03-26,1.1583554586884517
2018-03-27,1.175646198729668
2018-03-28,1.1657806614555986
2018-03-29,1.179658126830227
2018-03-30,1.182315649443377
2018-04-02,1.1808228065395845
2018-04-03,1.1680742057430953
2018-04-04,1.166659579796522
2018-04-09,1.1648498273312096
2018-04-10,1.1835600914804836
2018-04-11,1.1889814057340962
2018-04-12,1.1784654843656543
2018-04-13,1.1756534028171794
2018-04-16,1.1571939302993206
2018-04-17,1.1462826641365698
2018-04-18,1.1508115385913693
2018-04-19,1.161072550269956
2018-04-20,1.1396622107946388
2018-04-23,1.1400363553309039
2018-04-24,1.16191297855986
2018-04-25,1.1574075037427998
2018-04-26,1.141654591310457
2018-04-27,1.1473876756231016
2018-05-02,1.1400294257075858
2018-05-03,1.1451907373139985
2018-05-04,1.142320538683577
2018-05-07,1.1580246079473955
2018-05-08,1.1654641116636633
2018-05-09,1.1602211782726841
2018-05-10,1.1643646764165583
2018-05-11,1.1594784873322508
2018-05-14,1.155789978208022
2018-05-15,1.1609464690921094
2018-05-16,1.1555607374987718
2018-05-17,1.155980765983499
2018-05-18,1.1631732714523617
2018-05-21,1.1761759369218971
2018-05-22,1.1756763107396984
2018-05-23,1.160280516655981
2018-05-24,1.1554789798230982
2018-05-25,1.1490057449611206
2018-05-28,1.144241087724535
2018-05-29,1.1356919732054587
2018-05-30,1.1076633491999195
2018-05-31,1.1168612045350117
2018-06-01,1.1073039836853629
2018-06-04,1.1137213490797573
2018-06-05,1.1172072623382767
2018-06-06,1.1150551833856375
2018-06-07,1.1162340302585867
2018-06-08,1.0997288939081693
2018-06-11,1.0991903337388502
2018-06-12,1.1060649451917353
2018-06-13,1.0978175930361944
2018-06-14,1.0989927030039524
2018-06-15,1.0980623529973736
2018-06-19,1.040697773014549
2018-06-20,1.0572345581062321
2018-06-21,1.0485155479189476
2018-06-22,1.0606242344245371
2018-06-25,1.0462490138525002
2018-06-26,1.0352802671839136
2018-06-27,1.0250203289015112
2018-06-28,1.0165496566582108
2018-06-29,1.0346238037279791
2018-07-02,1.0084259089774767
2018-07-03,1.0167391887776538
2018-07-04,1.006968410344798
2018-07-05,0.9883743356253526
2018-07-06,0.9916528262792702
2018-07-09,1.0105871841724345
2018-07-10,1.0139572256157492
2018-07-11,0.9960172874061769
2018-07-12,1.0159212816844758
2018-07-13,1.0187790355299473
2018-07-16,1.0133407368658096
2018-07-17,1.0114539390062125
2018-07-18,1.0096811688820542
2018-07-19,1.0013440771263158
2018-07-20,1.0155472882783059
2018-07-23,1.02904485596454
2018-07-24,1.0539934031049336
2018-07-25,1.051376083892363
2018-07-26,1.052535804125578
2018-07-27,1.0478777543616182
2018-07-30,1.0420427131432035
2018-07-31,1.0456463835506185
2018-08-01,1.030428274604255
2018-08-02,1.0049913681516973
2018-08-03,0.9962871343981267
2018-08-06,0.9768319374215151
2018-08-07,1.0025703116388665
2018-08-08,0.9939897373380882
2018-08-09,1.0093964369170823
2018-08-10,1.010252189186598
2018-08-13,1.0084767512835437
2018-08-14,1.006190359265346
2018-08-15,0.9884486794026618
2018-08-16,0.9820242637845201
2018-08-17,0.9722315786021871
2018-08-20,0.9796603460122302
2018-08-21,0.9894121734279937
2018-08-22,0.9801110547937452
2018-08-23,0.9818488895773323
2018-08-24,0.9819478640437208
2018-08-27,0.9990832596647451
2018-08-28,1.0006042106700093
2018-08-29,0.9937330043370116
2018-08-30,0.9866293565572646
2018-08-31,0.9770805402504358
2018-09-03,0.9722148683624146
2018-09-04,0.9799237742350863
2018-09-05,0.9646606435127144
2018-09-06,0.9593130772350028
2018-09-07,0.9590675795783761
2018-09-10,0.9461544718624857
2018-09-11,0.9429869285796987
2018-09-12,0.9435213420346936
2018-09-13,0.9490514941220889
2018-09-14,0.9463977949935087
2018-09-17,0.9331585891810654
2018-09-18,0.9453907670612361
2018-09-19,0.9551755372980396
2018-09-20,0.9544592501290642
2018-09-21,0.973550921260504
2018-09-25,0.9694695894924478
2018-09-26,0.9736313491186351
2018-09-27,0.9640243759132847
2018-09-28,0.9730576645629365
2018-10-08,0.946415520531536
2018-10-09,0.9441510915547106
2018-10-10,0.9436704757745537
2018-10-11,0.8775327974244603
2018-10-12,0.8738114538726488
2018-10-15,0.8599995682485975
2018-10-16,0.840796445775553
2018-10-17,0.8479742490172922
2018-10-18,0.8273039324630473
2018-10-19,0.8446083381635502
2018-10-22,0.8859674206221403
2018-10-23,0.8733561401695613
2018-10-24,0.8755508791452996
2018-10-25,0.8759866267079043
2018-10-26,0.88806148955324
2018-10-29,0.8756835497581966
2018-10-30,0.8862161683297112
2018-10-31,0.8957107209364709
2018-11-01,0.895707993388572
2018-11-02,0.9148955590695869
2018-11-05,0.9165947059913655
2018-11-06,0.9174219808468721
2018-11-07,0.9072528926303378
2018-11-08,0.9026639549140196
2018-11-09,0.8995546152003889
2018-11-12,0.920694724567568
2018-11-13,0.933701757398844
2018-11-14,0.9329825711458856
2018-11-15,0.9437473848199884
2018-11-16,0.9586602786036843
2018-11-19,0.9667718419336762
2018-11-20,0.9405743693339998
2018-11-21,0.9501792858958699
2018-11-22,0.9480899918479324
2018-11-23,0.9111933906096437
2018-11-26,0.9065411064841975
2018-11-27,0.9070584722351587
2018-11-28,0.9170183269098126
2018-11-29,0.9012973626626027
2018-11-30,0.9075255148974326
2018-12-03,0.9292221133227505
2018-12-04,0.9324837836828646
2018-12-05,0.9248002479418256
2018-12-06,0.9127881494119376
2018-12-07,0.9149126362116731
2018-12-10,0.9044992295404336
2018-12-11,0.9065505364718709
2018-12-12,0.9081313052063501
2018-12-13,0.9161020368648055
2018-12-14,0.9047623064292617
2018-12-17,0.9057470413098019
2018-12-18,0.9003119780886435
2018-12-19,0.8931791930478443
2018-12-20,0.8883019647626312
2018-12-21,0.8834273352457449
2018-12-24,0.8866623564580975
2018-12-25,0.8742958282058726
2018-12-26,0.873378509694311
2018-12-27,0.8699314379423913
2018-12-28,0.8731327535505324
2019-01-02,0.8634395127458689
2019-01-03,0.8638640147439366
2019-01-04,0.8787852582792584
2019-01-07,0.8854324785613438
2019-01-08,0.8839202638681619
2019-01-09,0.8875655317579606
2019-01-10,0.8835267994828826
2019-01-11,0.8881075748193814
2019-01-14,0.8879238077677074
2019-01-15,0.8940570360293941
2019-01-16,0.8958131731166008
2019-01-17,0.894343352387475
2019-01-18,0.9057626104485542
2019-01-21,0.907428395936869
2019-01-22,0.8959526932291956
2019-01-23,0.8958971090111698
2019-01-24,0.8976715566516664
2019-01-25,0.8998689082479991
2019-01-28,0.8980808612321886
2019-01-29,0.9006211771990273
2019-01-30,0.8933509995188462
2019-01-31,0.8949858272759579
2019-02-01,0.9060463775743658
2019-02-11,0.9192067563680469
2019-02-12,0.9248408310524938
2019-02-13,0.9372922640032122
2019-02-14,0.9357554841827546
2019-02-15,0.9306388966071223
2019-02-18,0.9541215004709805
2019-02-19,0.9506970246679362
2019-02-20,0.9516492829004048
2019-02-21,0.9473808310019348
2019-02-22,0.9605870908534581
2019-02-25,1.0109325668017044
2019-02-26,1.0095874557909383
2019-02-27,1.008007676839572
2019-02-28,1.0090639997589834
2019-03-01,1.0146685226082242
2019-03-04,1.0253881913153244
2019-03-05,1.035740731389105
2019-03-06,1.0507994648622032
2019-03-07,1.0597259708647022
2019-03-08,1.014903887563984
2019-03-11,1.0453381964321125
2019-03-12,1.0610467470892897
2019-03-13,1.051044779500327
2019-03-14,1.0366851426975336
2019-03-15,1.0515224119622388
2019-03-18,1.07612510898923
2019-03-19,1.0730510343555781
2019-03-20,1.0784644216308774
2019-03-21,1.0835847347705403
2019-03-22,1.085484441456016
2019-03-25,1.0719317120896648
2019-03-26,1.0535769536450232
2019-03-27,1.0666460512038922
2019-03-28,1.0558200239537023
2019-03-29,1.0837324149078296
2019-04-01,1.1092095451753292
2019-04-02,1.1059245303518317
2019-04-03,1.1196294814010523
2019-04-04,1.1305104032619695
2019-04-08,1.1446282955998188
2019-04-09,1.137600632177129
2019-04-10,1.1365852676223245
2019-04-11,1.1264151779083587
2019-04-12,1.1199170685107231
2019-04-15,1.11491382253082
2019-04-16,1.1402615817298856
2019-04-17,1.1409126436925576
2019-04-18,1.1325883307682045
2019-04-19,1.1418255194487503
2019-04-22,1.1234219293034797
2019-04-23,1.110546473633964
2019-04-24,1.1140621875112051
2019-04-25,1.0880950854805698
2019-04-26,1.0726880545622222
2019-04-29,1.0678256759483058
2019-04-30,1.0760287944699811
2019-05-06,1.0249110638442638
2019-05-07,1.0413897599363882
2019-05-08,1.033982150272002
2019-05-09,1.0202336454187029
2019-05-10,1.046663391436631
2019-05-13,1.0376871515511505
2019-05-14,1.0285536263871287
2019-05-15,1.0456632102291163
2019-05-16,1.0562309464034774
2019-05-17,1.0293916785815636
2019-05-20,1.0186056586845718
2019-05-21,1.0330458782460465
2019-05-22,1.0270754787143517
2019-05-23,1.0167835741401257
2019-05-24,1.0151888071595887
2019-05-27,1.0315777739726515
2019-05-28,1.0333163188542827
2019-05-29,1.0321433839794312
2019-05-30,1.028120226938538
2019-05-31,1.0291199648759268
2019-06-03,1.024033670434665
2019-06-04,1.0169043430305347
2019-06-05,1.01795368203429
2019-06-06,1.006727870924548
2019-06-10,1.012387772949855
2019-06-11,1.0395958712721738
2019-06-12,1.0330076096324845
2019-06-13,1.0328122947594105
2019-06-14,1.025604091092436
2019-06-17,1.027611170907871
2019-06-18,1.0258263652460453
2019-06-19,1.0348535972872837
2019-06-20,1.0514289055795236
2019-06-21,1.0600483613207685
2019-06-24,1.0679972482762579
2019-06-25,1.0567502463847795
2019-06-26,1.0544874050737707
2019-06-27,1.0558790629074832
2019-06-28,1.0471148219472732
2019-07-01,1.0637643073144236
2019-07-02,1.0633281186034358
2019-07-03,1.062054891872537
2019-07-04,1.0640670867529147
2019-07-05,1.0649002935834224
2019-07-08,1.0370985325910265
2019-07-09,1.0359026773259161
2019-07-10,1.027858416321093
2019-07-11,1.0277173666913046
2019-07-12,1.033420357361717
2019-07-15,1.0389986412651335
2019-07-16,1.0414860331576685
2019-07-17,1.0374346204246017
2019-07-18,1.0276301798751208
2019-07-19,1.0334009693558388
2019-07-22,1.0206393365142687
2019-07-23,1.0247758149849053
2019-07-24,1.0290405213444158
2019-07-25,1.0288598618738827
2019-07-26,1.0298520260775943
2019-07-29,1.0263595858014496
2019-07-30,1.0330774748645777
2019-07-31,1.0273994399511157
2019-08-01,1.0170267177654497
2019-08-02,0.999932757329034
2019-08-05,0.9816169894283172
2019-08-06,0.9566567006972816
2019-08-07,0.9549143823187777
2019-08-08,0.9594057803976285
2019-08-09,0.9509145667212204
2019-08-12,0.9609127945009552
2019-08-13,0.9535728229388749
2019-08-14,0.957581080554572
2019-08-15,0.9591197342576097
2019-08-16,0.9576785583083675
2019-08-19,0.9812464544351376
2019-08-20,0.9804964927772815
2019-08-21,0.9796910583572283
2019-08-22,0.9782319487030883
2019-08-23,0.978299095396147
2019-08-26,0.968406179562483
2019-08-27,0.9864116507518969
2019-08-28,0.9913218995584984
2019-08-29,0.9906215234645679
2019-08-30,0.9837655250292193
2019-09-02,1.0003508222220001
2019-09-03,1.0007856240785153
2019-09-04,1.0169331876440297
2019-09-05,1.0253902628249678
2019-09-06,1.0270572665194617
2019-09-09,1.036186548894913
2019-09-10,1.034400590126833
2019-09-11,1.037361974050763
2019-09-12,1.0439167797878335
2019-09-16,1.0400282873683522
2019-09-17,1.017686994342234
2019-09-18,1.0207405889296575
2019-09-19,1.0225810484462436
2019-09-20,1.020073067363644
2019-09-23,1.0061940390585042
2019-09-24,1.0046079439153346
2019-09-25,0.99469287884851
2019-09-26,0.9924418077281604
2019-09-27,0.9928002838689443
2019-09-30,0.9851738712352752
2019-10-08,0.9895709423818776
2019-10-09,0.9992543752128419
2019-10-10,1.0055489607972279
2019-10-11,1.0122942370550818
2019-10-14,1.0268663372122335
2019-10-15,1.0241695169293463
2019-10-16,1.0185810606328989
2019-10-17,1.0149217881871102
2019-10-18,1.0004638806448325
2019-10-21,1.0040105673648598
2019-10-22,1.0073165489692577
2019-10-23,1.0017204939362672
2019-10-24,1.0068361746822363
2019-10-25,1.0124924018934427
2019-10-28,1.016561772468298
2019-10-29,1.0062028879972704
2019-10-30,0.9949297997593797
2019-10-31,0.9887597238991883
2019-11-01,0.9951788935127716
2019-11-04,0.9894831787058084
2019-11-05,0.9936916639517932
2019-11-06,0.9874947305272935
2019-11-07,0.991322244319573
2019-11-08,0.9886454027864234
2019-11-11,0.9650032690871849
2019-11-12,0.9658120292767747
2019-11-13,0.9614776444617463
2019-11-14,0.9612194894634564
2019-11-15,0.9508601037226627
2019-11-18,0.9581639319933094
2019-11-19,0.9717682384021215
2019-11-20,0.9662243239529001
2019-11-21,0.9698356428226498
2019-11-22,0.974119944200016
2019-11-25,0.9975865634946796
2019-11-26,0.9852344897169295
2019-11-27,0.9874166757749143
2019-11-28,0.9806686129133189
2019-11-29,0.984554668861349
2019-12-02,0.9836628970700432
2019-12-03,0.9895180814981199
2019-12-04,0.9859106148214182
2019-12-05,0.9899729082429217
2019-12-06,0.9929493540617121
2019-12-09,0.9962013885637861
2019-12-10,0.9944950499820334
2019-12-11,0.9967263810593391
2019-12-12,0.9886500492888829
2019-12-13,1.0006961621136745
2019-12-16,1.0099538171191484
2019-12-17,1.0260698122682446
2019-12-18,1.0244850614773706
2019-12-19,1.031699558601333
2019-12-20,1.0310378338936075
2019-12-23,1.0073757500067315
2019-12-24,1.0151498757507025
2019-12-25,1.0125818477941422
2019-12-26,1.0213472575162656
2019-12-27,1.0220280774508117
2019-12-30,1.0351630281005015
2019-12-31,1.0389588112311992
2020-01-02,1.0479611355171452
2020-01-03,1.0473921927926233
2020-01-06,1.04507426625074
2020-01-07,1.0545960892658968
2020-01-08,1.038379064523134
2020-01-09,1.0493996702137443
2020-01-10,1.046622486382798
2020-01-13,1.0513457082507716
2020-01-14,1.0506165100961442
2020-01-15,1.0414250150868967
2020-01-16,1.0345298404871275
2020-01-17,1.0315478797438404
2020-01-20,1.0347959777784912
2020-01-21,1.0178970900918096
2020-01-22,1.0182579879928955
2020-01-23,0.9915226350931841
2020-02-03,0.8980956218761718
2020-02-04,0.9002934785755717
2020-02-05,0.9108147827755584
2020-02-06,0.9269914664863756
2020-02-07,0.9293391564445775
2020-02-10,0.9422751260319503
2020-02-11,0.943422566840228
2020-02-12,0.9488176746599747
2020-02-13,0.9397630109724168
2020-02-14,0.9437611588954775
2020-02-17,0.9657910247056607
2020-02-18,0.9640852569150349
2020-02-19,0.9630650365286676
2020-02-20,0.977951083652221
2020-02-21,0.979742314812146
2020-02-24,0.9700722975924514
2020-02-25,0.9574894723991594
2020-02-26,0.9663299770841982
2020-02-27,0.9674722764262981
2020-02-28,0.9367587368626811
2020-03-02,0.9681429961115068
2020-03-03,0.9755822833951262
2020-03-04,0.9936310853458176
2020-03-05,1.0099097568521294
2020-03-06,0.994156599739594
2020-03-09,0.9663121996281636
2020-03-10,0.9806289821203151
2020-03-11,0.9766913221297325
2020-03-12,0.9609452555240605
2020-03-13,0.9517372520563604
2020-03-16,0.9282228059582961
2020-03-17,0.9238159448975443
2020-03-18,0.9054576732346029
2020-03-19,0.8997660142088418
2020-03-20,0.9114530594008553
2020-03-23,0.8849890892751943
2020-03-24,0.902872845948523
2020-03-25,0.9196197910636595
2020-03-26,0.9111525336856999
2020-03-27,0.918835586542426
2020-03-30,0.9093675604879112
2020-03-31,0.9086154302367947
2020-04-01,0.9023514121001531
2020-04-02,0.9131613582144334
2020-04-03,0.9070618352548087
2020-04-07,0.922749586857588
2020-04-08,0.9223276788412709
2020-04-09,0.9230430965017857
2020-04-10,0.9185528656576883
2020-04-13,0.9147448553134875
2020-04-14,0.9263235213431411
2020-04-15,0.9224862723781792
2020-04-16,0.9230188055387827
2020-04-17,0.9236679048761992
2020-04-20,0.9245733273657332
2020-04-21,0.9145928931256566
2020-04-22,0.915871160517809
2020-04-23,0.9120914157252579
2020-04-24,0.9038383560870324
2020-04-27,0.9067116131636341
2020-04-28,0.8986723940727385
2020-04-29,0.9133591427685143
2020-04-30,0.92412203457828
2020-05-06,0.9261058060839411
2020-05-07,0.922991086790841
2020-05-08,0.9322734715292934
2020-05-11,0.931324945209964
2020-05-12,0.9260385165809432
2020-05-13,0.9252084682134507
2020-05-14,0.9153143929214419
2020-05-15,0.914837983024377
2020-05-18,0.9160051739738424
2020-05-19,0.9196202958112106
2020-05-20,0.9194296391241171
2020-05-21,0.9185054026356092
2020-05-22,0.9061222200955064
2020-05-25,0.9083181698450389
2020-05-26,0.9127015243649942
2020-05-27,0.9188119111027692
2020-05-28,0.9199887500555382
2020-05-29,0.9151688093030506
2020-06-01,0.929222180689693
2020-06-02,0.9378709178040956
2020-06-03,0.9369423725441767
2020-06-04,0.9364215876605163
2020-06-05,0.9336445294410896
2020-06-08,0.937056370154063
2020-06-09,0.9363552402650129
2020-06-10,0.9313531561398264
2020-06-11,0.9249054051717427
2020-06-12,0.9232023714367334
2020-06-15,0.9196058929795738
2020-06-16,0.9342532373964202
2020-06-17,0.9406812697498215
2020-06-18,0.9555462958044331
2020-06-19,0.9553072664469869
2020-06-22,0.9463879134161834
2020-06-23,0.9395785800246895
2020-06-24,0.9421725599717613
2020-06-29,0.9330018910915024
2020-06-30,0.9384534955735719
2020-07-01,0.9506283475635828
2020-07-02,0.9757081975684506
2020-07-03,0.9981833473415606
2020-07-06,1.0707752711436336
2020-07-07,1.0642531050137272
2020-07-08,1.085894353432115
2020-07-09,1.1012098250158544
2020-07-10,1.0725672060191342
2020-07-13,1.091893209040558
2020-07-14,1.084802949477069
2020-07-15,1.060243430689996
2020-07-16,1.0339020559439036
2020-07-17,1.0301900986110981
2020-07-20,1.0739884191040003
2020-07-21,1.0685164585299085
2020-07-22,1.0655642621630317
2020-07-23,1.0565506238315245
2020-07-24,1.0246786926187998
2020-07-27,1.0215264472978896
2020-07-28,1.0272109815863202
2020-07-29,1.0424760103423778
2020-07-30,1.038327221417636
2020-07-31,1.0406712593381864
2020-08-03,1.0529541292206417
2020-08-04,1.061061699379438
2020-08-05,1.0515969339287192
2020-08-06,1.0506517943722702
2020-08-07,1.0404241114061001
2020-08-10,1.0561782744400976
2020-08-11,1.0459900500513024
2020-08-12,1.046463049648197
2020-08-13,1.0481049625605543
2020-08-14,1.0631111411862235
2020-08-17,1.0844419880802365
2020-08-18,1.0829250649144098
2020-08-19,1.0768159285843366
2020-08-20,1.0686036931385583
2020-08-21,1.0748510464692094
2020-08-24,1.0732226890812693
2020-08-25,1.0741468132610623
2020-08-26,1.0710503983629822
2020-08-27,1.0772076154883952
2020-08-28,1.0888190670387865
2020-08-31,1.0820953768888317
2020-09-01,1.0790141979196664
2020-09-02,1.073751031129587
2020-09-03,1.070510742129408
2020-09-04,1.0667193857706645
2020-09-07,1.0562371735154923
2020-09-08,1.068917762243897
2020-09-09,1.067172343548837
2020-09-10,1.0529991928138724
2020-09-11,1.0518608575685369
2020-09-14,1.0490864227102146
2020-09-15,1.0495942256803106
2020-09-16,1.0518553505735897
2020-09-17,1.0533478733410886
2020-09-18,1.0727519532089094
2020-09-21,1.066117633145414
2020-09-22,1.0524434627229897
2020-09-23,1.0498743393638195
2020-09-24,1.030830003512964
2020-09-25,1.0279114671390057
2020-09-28,1.0276964152263648
2020-09-29,1.0296072978475885
2020-09-30,1.0202383497536707
2020-10-09,1.0355966253772158
2020-10-12,1.0555916349554115
2020-10-13,1.0493309557759973
2020-10-14,1.0436324020128693
2020-10-15,1.040246467832979
2020-10-16,1.0413174304378172
2020-10-19,1.0350248677410492
2020-10-20,1.0352166132227085
2020-10-21,1.0313870969791519
2020-10-22,1.0265012586053428
2020-10-23,1.0210367092608594
2020-10-26,1.0147925590425533
2020-10-27,1.0122692077656659
2020-10-28,1.008206908306592
2020-10-29,1.0064171606599328
2020-10-30,0.9883965738359436
2020-11-02,0.9888917719597037
2020-11-03,1.001292240924902
2020-11-04,0.9976767530788718
2020-11-05,1.0121377800417946
2020-11-06,1.0115714751035452
2020-11-09,1.0263250647476372
2020-11-10,1.0229020001343117
2020-11-11,1.029912818549133
2020-11-12,1.02909336689593
2020-11-13,1.0190426739941165
2020-11-16,1.0378332397325156
2020-11-17,1.046556620556151
2020-11-18,1.0460724381482112
2020-11-19,1.0423028117699198
2020-11-20,1.0437282607550182
2020-11-23,1.0500693819013383
2020-11-24,1.0461721832231639
2020-11-25,1.0348938006482298
2020-11-26,1.0351407046132477
2020-11-27,1.04480233989743
2020-11-30,1.0436749928698006
2020-12-01,1.0544096020422682
2020-12-02,1.0538855569746628
2020-12-03,1.0568688539957816
2020-12-04,1.0529889080883303
2020-12-07,1.0403089156905732
2020-12-08,1.036421810135481
2020-12-09,1.0241682128174716
2020-12-10,1.025521200236363
2020-12-11,1.015429614787403
2020-12-14,1.0174961564560894
2020-12-15,1.01515047566551
2020-12-16,1.0095821451115587
2020-12-17,1.0163595271598773
2020-12-18,1.0092325050801627
2020-12-21,1.0119670178116527
2020-12-22,0.9987390842510092
2020-12-23,1.000536588757624
2020-12-24,0.9886226680135725
2020-12-25,0.9956889769576774
2020-12-28,0.9890667037115586
2020-12-29,0.9939739345964829
2020-12-30,0.9928200619209637
2020-12-31,0.9981182238915357
2021-01-04,0.9925900102752303
2021-01-05,0.9917239254120909
2021-01-06,0.9906019754259849
2021-01-07,0.9743157430140063
2021-01-08,0.9863794015763621
2021-01-11,0.9736557298048646
2021-01-12,0.9753064466378177
2021-01-13,0.9770160467896835
2021-01-14,0.9901431253779766
2021-01-15,0.9904291572271786
2021-01-18,0.992084426704063
2021-01-19,1.0099122915239627
2021-01-20,0.9982746645725686
2021-01-21,0.9947679953079663
2021-01-22,0.9758730018549878
2021-01-25,0.9604924657924672
2021-01-26,0.9610702977851556
2021-01-27,0.9642332987295997
2021-01-28,0.9578858776109023
2021-01-29,0.9518429503342772
2021-02-01,0.9520621727768903
2021-02-02,0.9472344601085186
2021-02-03,0.9390110474275152
2021-02-04,0.9341557826204854
2021-02-05,0.9388343942039015
2021-02-08,0.9414904621538854
2021-02-09,0.9472772489316756
2021-02-10,0.9502333359708197
2021-02-18,0.9690806534367274
2021-02-19,0.9938941342539284
2021-02-22,1.0060714244246967
2021-02-23,1.001571611183773
2021-02-24,0.999261196173519
2021-02-25,1.0135803785272375
2021-02-26,0.9969626050304394
2021-03-01,1.0018479720352287
2021-03-02,0.9998044469424439
2021-03-03,1.014107819876185
2021-03-04,1.0154753484890493
2021-03-05,1.0167361744667716
2021-03-08,1.014583389850933
2021-03-09,1.012389372704663
2021-03-10,1.0003961500141945
2021-03-11,1.0192301282278609
2021-03-12,1.0314217400571786
2021-03-15,1.0335092601668343
2021-03-16,1.0408672204977223
2021-03-17,1.03237367211804
2021-03-18,1.03529930746461
2021-03-19,1.0330804082327618
2021-03-22,1.0541064137699716
2021-03-23,1.0406497024562056
2021-03-24,1.0418372497120783
2021-03-25,1.033776820278607
2021-03-26,1.042502511992415
2021-03-29,1.045569845753453
2021-03-30,1.0396313744624233
2021-03-31,1.055446331522675
2021-04-01,1.0550872004669598
2021-04-02,1.0546749066118164
2021-04-06,1.052168469570114
2021-04-07,1.0568875099270862
2021-04-08,1.0493797906241562
2021-04-09,1.048111379200968
2021-04-12,1.0474036121755899
2021-04-13,1.0386302681947215
2021-04-14,1.0366617264534883
2021-04-15,1.0387952614515554
2021-04-16,1.0557816406326972
2021-04-19,1.0580590167230812
2021-04-20,1.055920544657522
2021-04-21,1.0544372215640445
2021-04-22,1.0522206757583776
2021-04-23,1.0489608250204039
2021-04-26,1.0440203877021044
2021-04-27,1.0413174507093694
2021-04-28,1.0449547777732349
2021-04-29,1.0468805592377715
2021-04-30,1.0265384900956835
2021-05-06,1.0212792113611853
2021-05-07,1.0274856851960066
2021-05-10,1.0253634385538661
2021-05-11,1.0328200234820322
2021-05-12,1.0351131992562603
2021-05-13,1.031396376430149
2021-05-14,1.0435715174741933
2021-05-17,1.037691634370094
2021-05-18,1.0418439925444813
2021-05-19,1.0342523580543996
2021-05-20,1.0309730337800167
2021-05-21,1.0290083563891879
2021-05-24,1.0323050633114437
2021-05-25,1.0417347023844308
2021-05-26,1.046507428005737
2021-05-27,1.0439853372603058
2021-05-28,1.044658325096315
2021-05-31,1.041949971427574
2021-06-01,1.036016597913122
2021-06-02,1.036203754009939
2021-06-03,1.0419022497018982
2021-06-04,1.0370340780573024
2021-06-07,1.0338541691642242
2021-06-08,1.036180006096865
2021-06-09,1.0343006709752671
2021-06-10,1.032153832288418
2021-06-11,1.0282329073191114
2021-06-15,1.013707889107068
2021-06-16,1.0145734996366118
2021-06-17,1.011332100690835
2021-06-18,1.0088330442368911
2021-06-21,1.0048017532622278
2021-06-22,1.0106771591649617
2021-06-23,1.012659564965294
2021-06-24,1.0134791940804273
2021-06-25,1.0195255676175274
2021-06-28,1.016951941733127
2021-06-29,1.0132576282526566
2021-06-30,1.0098795196698684
2021-07-01,1.011973462425008
2021-07-02,1.0029782003334546
2021-07-05,0.9994565289370217
2021-07-06,1.0086999555404603
2021-07-07,1.0054790994698692
2021-07-08,0.9981215176246142
2021-07-09,0.9991311761241803
2021-07-12,0.9997284988554779
2021-07-13,1.0050868318494637
2021-07-14,0.9992911500702858
2021-07-15,0.9997415273300885
2021-07-16,0.9996861098131533
2021-07-19,0.9921290523317289
2021-07-20,0.9890797757515786
2021-07-21,0.9867676286803344
2021-07-22,0.9912615239266644
2021-07-23,0.9872722846590115
2021-07-26,0.965726440334511
2021-07-27,0.9506714528016345
2021-07-28,0.9479411752611436
2021-07-29,0.9451050904303496
2021-07-30,0.945882107030272
2021-08-02,0.9567338858913207
2021-08-03,0.9592312615365006
2021-08-04,0.9520848008168598
2021-08-05,0.9583878364323144
2021-08-06,0.9578326897832941
2021-08-09,0.9782273038495258
2021-08-10,0.9803818401158666
2021-08-11,0.9924019379254144
2021-08-12,0.9874493856733583
2021-08-13,0.9848130435151358
2021-08-16,0.9932187870923772
2021-08-17,0.9882057859574122
2021-08-18,1.0034449375792232
2021-08-19,0.9924462966916486
2021-08-20,0.9948701243985574
2021-08-23,0.991587819613318
2021-08-24,0.9902078713198159
2021-08-25,0.9918104478864682
2021-08-26,0.993214842764632
2021-08-27,0.9924464111771835
2021-08-30,0.9842402318874837
2021-08-31,1.0026490760365279
2021-09-01,1.0260422531288407
2021-09-02,1.0289607224860908
2021-09-03,1.03551138533228
2021-09-06,1.0460757528338984
2021-09-07,1.0555529120947973
2021-09-08,1.0674093940794944
2021-09-09,1.0785648402273855
2021-09-10,1.083454941442684
2021-09-13,1.092721030208402
2021-09-14,1.0731563684015641
2021-09-15,1.0744358672556826
2021-09-16,1.0702413863450353
2021-09-17,1.072603266316097
2021-09-22,1.0819580495436292
2021-09-23,1.1050488340233333
2021-09-24,1.1047867623860879
2021-09-27,1.0791710815497815
2021-09-28,1.1000415736701241
2021-09-29,1.08608306863302
2021-09-30,1.083834251656106
2021-10-08,1.096404994104565
2021-10-11,1.1025785542948812
2021-10-12,1.0959598432466189
2021-10-13,1.0984591771103984
2021-10-14,1.097063341717925
2021-10-15,1.0893191262193056
2021-10-18,1.0833829109711943
2021-10-19,1.086242466688492
2021-10-20,1.0811133033193434
2021-10-21,1.088534995808422
2021-10-22,1.0880153062234266
2021-10-25,1.0775055547025916
2021-10-26,1.0661403399398905
2021-10-27,1.0457664354001153
2021-10-28,1.0388961718203609
2021-10-29,1.0409478935888463
2021-11-01,1.0385181808224329
2021-11-02,1.0108398719169231
2021-11-03,1.0175941883319646
2021-11-04,1.0112695875835447
2021-11-05,0.9933630349704411
2021-11-08,0.995456302216379
2021-11-09,0.9929475928700957
2021-11-10,0.9975231558815454
2021-11-11,1.018963091702293
2021-11-12,1.0080657158248558
2021-11-15,1.0089975786990213
2021-11-16,1.0016410303529122
2021-11-17,1.001552969978675
2021-11-18,0.9972284729039832
2021-11-19,1.0145138496439559
2021-11-22,1.009983652831413
2021-11-23,1.0198229786610131
2021-11-24,1.022745651113731
2021-11-25,1.0170534037273717
2021-11-26,1.0157178710876826
2021-11-29,1.008331235726475
2021-11-30,1.0101391272472282
2021-12-01,1.021926835505283
2021-12-02,1.0257438457030634
2021-12-03,1.033203293932919
2021-12-06,1.0314134381656082
2021-12-07,1.0387173875850748
2021-12-08,1.0374382504055137
2021-12-09,1.046507143858949
2021-12-10,1.0391086193334516
2021-12-13,1.036696143500987
2021-12-14,1.0255946524752515
2021-12-15,1.0296382470229153
2021-12-16,1.0403745302912664
2021-12-17,1.0405898970239729
2021-12-20,1.0385500864568644
2021-12-21,1.0639168504605825
2021-12-22,1.054597358310409
2021-12-23,1.0503706306753384
2021-12-24,1.0454717811226
2021-12-27,1.0451817738901563
2021-12-28,1.0411684210357057
2021-12-29,1.0405249051999614
2021-12-30,1.0400793009214169
2021-12-31,1.0451456686147433
2022-01-04,1.0562646793947257
2022-01-05,1.0567937749770888
2022-01-06,1.0585668942469757
2022-01-07,1.0722626674614735
2022-01-10,1.0783398983616963
2022-01-11,1.0823422673217369
2022-01-12,1.0809454397447105
2022-01-13,1.077309386175305
2022-01-14,1.0601078823493053
2022-01-17,1.0638147335332888
2022-01-18,1.0759236213891108
2022-01-19,1.0818677192005255
2022-01-20,1.0840887935210441
2022-01-21,1.0752000404367963
2022-01-24,1.0709541526712707
2022-01-25,1.0429855278694073
2022-01-26,1.0476599061566003
2022-01-27,1.0360266350421528
2022-01-28,1.0255622151891033
2022-02-07,1.052560528201329
2022-02-08,1.0823889759301737
2022-02-09,1.0877034858789942
2022-02-10,1.0934066188315066
2022-02-11,1.0864028249134545
2022-02-14,1.0712573225051423
2022-02-15,1.068166560865305
2022-02-16,1.077183481890197
2022-02-17,1.0743900202735557
2022-02-18,1.0864768493665882
2022-02-21,1.0882999686738766
2022-02-22,1.079475653235483
2022-02-23,1.0850522873548119
2022-02-24,1.0647679255935676
2022-02-25,1.0729542206546097
2022-02-28,1.0752843158121967
2022-03-01,1.0775803958942154
2022-03-02,1.0838289540564057
2022-03-03,1.0968925587989617
2022-03-04,1.0916763278157124
2022-03-07,1.0809964699727803
2022-03-08,1.0468898498273436
2022-03-09,1.016067890850292
2022-03-10,1.0283403692349409
2022-03-11,1.0365231193816458
2022-03-14,1.02190923968354
2022-03-15,0.9645588789495045
2022-03-16,0.9913461269824974
2022-03-17,1.0018389373827365
2022-03-18,1.0213458765612515
2022-03-21,1.017713258848083
2022-03-22,1.0347567615324207
2022-03-23,1.0409085107283982
2022-03-24,1.0330894521547414
2022-03-25,1.0328425020040806
2022-03-28,1.0449462575478372
2022-03-29,1.0360844630257924
2022-03-30,1.0579923745838113
2022-03-31,1.0712166160812266
2022-04-01,1.0871005784545587
2022-04-06,1.1051456376173483
2022-04-07,1.0877126298708955
2022-04-08,1.0953196983715878
2022-04-11,1.070670905380105
2022-04-12,1.0897238037964752
2022-04-13,1.084155593996258
2022-04-14,1.092710923358578
2022-04-15,1.0934987975840147
2022-04-18,1.08133554284704
2022-04-19,1.0878982516938636
2022-04-20,1.0679289902502596
2022-04-21,1.0340488537149437
2022-04-22,1.0378979632452425
2022-04-25,0.9831467873384971
2022-04-26,0.9632506605130253
2022-04-27,0.9867626332078759
2022-04-28,0.9819494561382252
2022-04-29,1.0086793549274276
2022-05-05,1.0154454440554244
2022-05-06,0.9939655402679445
2022-05-09,1.0033744471401216
2022-05-10,1.0130778299305598
2022-05-11,1.0164767469425553
2022-05-12,1.0188397535100913
2022-05-13,1.0299279608914487
2022-05-16,1.0288413374198473
2022-05-17,1.0262977287352835
2022-05-18,1.0232850039987142
2022-05-19,1.0288292689759104
2022-05-20,1.0402818335675164
2022-05-23,1.0460483378513588
2022-05-24,1.0174610237303885
2022-05-25,1.0312126956857748
2022-05-26,1.037703093792283
2022-05-27,1.035568624684019
2022-05-30,1.0386093643325582
2022-05-31,1.0478163908092695
2022-06-01,1.0457647034528184
2022-06-02,1.0484219636574894
2022-06-06,1.047561431809001
2022-06-07,1.0511507182299797
2022-06-08,1.0533942390421691
2022-06-09,1.0581871611237745
2022-06-10,1.066424441749227
2022-06-13,1.050364296590984
2022-06-14,1.0663772385369694
2022-06-15,1.0824384783071983
2022-06-16,1.0662560289221483
2022-06-17,1.0643781321949821
2022-06-20,1.0593160077027075
2022-06-21,1.062029067370352
2022-06-22,1.05208281206462
2022-06-23,1.059381118628003
2022-06-24,1.0556520899417527
2022-06-27,1.0557304577219988
2022-06-28,1.0635532356491142
2022-06-29,1.0621897153968478
2022-06-30,1.0613547859412926
2022-07-01,1.0615866716273585
2022-07-04,1.0602331939571124
2022-07-05,1.0637798305819592
2022-07-06,1.0522011118096228
2022-07-07,1.0521894971019994
2022-07-08,1.0518478630880619
2022-07-11,1.0538975082561288
2022-07-12,1.0614152590542199
2022-07-13,1.0628861228796056
2022-07-14,1.0505940201637645
2022-07-15,1.0318773366598954
2022-07-18,1.0490453418089896
2022-07-19,1.0542402593351057
2022-07-20,1.0611440675024117
2022-07-21,1.0535650744118248
2022-07-22,1.0546575802365181
2022-07-25,1.0496597911715542
2022-07-26,1.0565790675087499
2022-07-27,1.0536545457745583
2022-07-28,1.0538687120166994
2022-07-29,1.0485333206247764
2022-08-01,1.0454379888429797
2022-08-02,1.0197986942671262
2022-08-03,1.0102328408252372
2022-08-04,1.0137543625152163
2022-08-05,1.0274332873125898
2022-08-08,1.0280734436019578
2022-08-09,1.0257697711775535
2022-08-10,1.0215492463090763
2022-08-11,1.038870480485054
2022-08-12,1.0427372729999818
2022-08-15,1.0415678562738016
2022-08-16,1.0399415413937878
2022-08-17,1.045284153792421
2022-08-18,1.0349725343370024
2022-08-19,1.0348731914070568
2022-08-22,1.039939313064656
2022-08-23,1.0381570228086803
2022-08-24,1.0272773964092214
2022-08-25,1.0392838967558298
2022-08-26,1.0384717573413613
2022-08-29,1.0404738472396986
2022-08-30,1.0436236490090032
2022-08-31,1.038836922726675
2022-09-01,1.0391983555741253
2022-09-02,1.0381954659781862
2022-09-05,1.0444241832255619
2022-09-06,1.048549459835229
2022-09-07,1.0438332449641414
2022-09-08,1.046118090472738
2022-09-09,1.054481197921081
2022-09-13,1.0533762188035163
2022-09-14,1.0461748383220557
2022-09-15,1.045213619054025
2022-09-16,1.020038740843899
2022-09-19,1.0168258786531947
2022-09-20,1.0142403730043106
2022-09-21,1.0242735811199148
2022-09-22,1.0159286966056276
2022-09-23,1.0158613610888603
2022-09-26,0.9948343182711913
2022-09-27,1.0081568982966704
2022-09-28,1.001102602207195
2022-09-29,0.9906618506150601
2022-09-30,0.9912353873146318
2022-10-10,0.9912569266311512
2022-10-11,0.9961944376693042
2022-10-12,1.0081141209920965
2022-10-13,1.0032850962773259
2022-10-14,1.014165669601011
2022-10-17,1.0180390731595106
2022-10-18,1.0160533932033347
2022-10-19,1.0086880315572482
2022-10-20,1.005944671136825
2022-10-21,1.0090393912988374
2022-10-24,0.9924671684561167
2022-10-25,0.9882441294821908
2022-10-26,0.9944095101557995
2022-10-27,0.9976924771298233
2022-10-28,0.9748962428530806
2022-10-31,0.9773613652042797
2022-11-01,0.9938678319990518
2022-11-02,0.9964042567509718
2022-11-03,0.9897143111350377
2022-11-04,1.0032029644768639
2022-11-07,1.006826287701757
2022-11-08,1.0067883485907554
2022-11-09,1.0068738445455858
2022-11-10,1.0103197829758035
2022-11-11,1.0283104376855736
2022-11-14,1.0342999442051146
2022-11-15,1.0402717744749221
2022-11-16,1.0353334654949276
2022-11-17,1.0375177557536543
2022-11-18,1.0337759543741423
2022-11-21,1.0306691023902181
2022-11-22,1.04694102456544
2022-11-23,1.0574835909981166
2022-11-24,1.0557245399540676
2022-11-25,1.0781304259682247
2022-11-28,1.0703686025432737
2022-11-29,1.0987006713765408
2022-11-30,1.0936301811649871
2022-12-01,1.084374252008896
2022-12-02,1.0823914941265214
2022-12-05,1.1039892495955423
2022-12-06,1.1016323905481298
2022-12-07,1.0969362544963406
2022-12-08,1.1013719113930371
2022-12-09,1.0978028753507614
2022-12-12,1.0859598384507765
2022-12-13,1.094512302912343
2022-12-14,1.088848171278173
2022-12-15,1.0794292920283728
2022-12-16,1.087982412584153
2022-12-19,1.0665006804738688
2022-12-20,1.0589236848149324
2022-12-21,1.0582421788380076
2022-12-22,1.0511383434542885
2022-12-23,1.0474614228549957
2022-12-26,1.0471970667626096
2022-12-27,1.0556596619318326
2022-12-28,1.0581989783190315
2022-12-29,1.0516510449851912
2022-12-30,1.0605600652711409
2023-01-03,1.0666773835316397
2023-01-04,1.069925621255988
2023-01-05,1.070322393041989
2023-01-06,1.0688092303636736
2023-01-09,1.0659206757461819
2023-01-10,1.0579930392056542
2023-01-11,1.0699239759776973
2023-01-12,1.0667149686805715
2023-01-13,1.0744191522306064
2023-01-16,1.0785056223245784
2023-01-17,1.0755195318678592
2023-01-18,1.0809334089196607
2023-01-19,1.0883257553402834
2023-01-20,1.0997781539060276
2023-01-30,1.096377288455073
2023-01-31,1.0972705107459
2023-02-01,1.1031730219741103
2023-02-02,1.101671367987528
2023-02-03,1.0962835597249405
2023-02-06,1.0934792567740006
2023-02-07,1.0985263780610597
2023-02-08,1.0928301794839799
2023-02-09,1.1020823533725115
2023-02-10,1.1048475964611784
2023-02-13,1.1080959275159454
2023-02-14,1.111658466907885
2023-02-15,1.1072607753883503
2023-02-16,1.099265036015803
2023-02-17,1.0997306864410694
2023-02-20,1.1204757836228676
2023-02-21,1.1285787746377463
2023-02-22,1.1301617109808368
2023-02-23,1.132081570402905
2023-02-24,1.1269512018067807
2023-02-27,1.1236741082758228
2023-02-28,1.1282828092987458
2023-03-01,1.1346857548535612
2023-03-02,1.1388763539094282
2023-03-03,1.1488607852667714
2023-03-06,1.1447804881260442
2023-03-07,1.1457390231761944
2023-03-08,1.143808877056888
2023-03-09,1.1420222502477138
2023-03-10,1.1255150686431683
2023-03-13,1.1305340788130982
2023-03-14,1.1215291404194487
2023-03-15,1.135181608507214
2023-03-16,1.134978304672177
2023-03-17,1.1401412009237897
2023-03-20,1.1363894434215185
2023-03-21,1.1350392900722166
2023-03-22,1.1417071422089895
2023-03-23,1.1454621875881503
2023-03-24,1.1377095770714538
2023-03-27,1.1248069617598324
2023-03-28,1.1261466525510215
2023-03-29,1.1185842971081703
2023-03-30,1.1235753852078767
2023-03-31,1.120343413420601
2023-04-03,1.1200418727508339
2023-04-04,1.1203818199281184
2023-04-06,1.1132544943400164
2023-04-07,1.1163668973519472
2023-04-10,1.1160852002257884
2023-04-11,1.113366369161147
2023-04-12,1.119693967744532
2023-04-13,1.1228825768716906
2023-04-14,1.1233487864909528
2023-04-17,1.137189353808984
2023-04-18,1.1401243727531976
2023-04-19,1.1373243768408758
2023-04-20,1.1361766812706207
2023-04-21,1.1228011453773559
2023-04-24,1.1168413272625386
2023-04-25,1.1118784818146288
2023-04-26,1.1158605625259037
2023-04-27,1.1227665941052436
2023-04-28,1.1329638778115343
2023-05-04,1.1450797899883982
2023-05-05,1.1409476654195714
2023-05-08,1.153488276496461
2023-05-09,1.1531239398536077
2023-05-10,1.149713397683191
2023-05-11,1.149837485914534
2023-05-12,1.1449528851776332
2023-05-15,1.1513251623413423
2023-05-16,1.1426590075624279
2023-05-17,1.1422542880319253
2023-05-18,1.140000382822981
2023-05-19,1.1384676545337074
2023-05-22,1.1394339539997562
2023-05-23,1.1305694239044333
2023-05-24,1.1194203004189112
2023-05-25,1.1133813713462444
2023-05-26,1.1191998997305754
2023-05-29,1.1119123152017978
2023-05-30,1.11078851854969
2023-05-31,1.1016142133210194
2023-06-01,1.0980311499800233
2023-06-02,1.1184556611058352
2023-06-05,1.1165713876415084
2023-06-06,1.108088491984407
2023-06-07,1.1079859455763186
2023-06-08,1.1174979398722282
2023-06-09,1.1192358693281603
2023-06-12,1.1224318762648546
2023-06-13,1.117967529599263
2023-06-14,1.118707740747523
2023-06-15,1.1239536575676465
2023-06-16,1.1235093060216133
2023-06-19,1.110526886530045
2023-06-20,1.1020057189640122
2023-06-21,1.0923099143046062
2023-06-26,1.081103811243609
2023-06-27,1.0971120321162897
2023-06-28,1.1046244555265174
2023-06-29,1.0975811418809927
2023-06-30,1.1092958431555604
2023-07-03,1.1224487850067757
2023-07-04,1.1201205308616742
2023-07-05,1.1200125335864926
2023-07-06,1.1148769835427057
2023-07-07,1.1202505770991538
2023-07-10,1.1213683983981049
2023-07-11,1.1245318783723852
2023-07-12,1.117035710988372
2023-07-13,1.1278608831455337
2023-07-14,1.1271432933553172
2023-07-17,1.12455926116552
2023-07-18,1.1261900660191155
2023-07-19,1.1323385154675434
2023-07-20,1.129201884773251
2023-07-21,1.1319613072352968
2023-07-24,1.1325314711656884
2023-07-25,1.150105526888896
2023-07-26,1.1556311962877337
2023-07-27,1.1576643172052046
2023-07-28,1.1840028132114233
2023-07-31,1.1927579075529233
2023-08-01,1.1915403370634385
2023-08-02,1.1837697106851397
2023-08-03,1.189285737985528
2023-08-04,1.1874423768848488
2023-08-07,1.1763280461282595
2023-08-08,1.1787303767117345
2023-08-09,1.1777101308490903
2023-08-10,1.1833629473411478
2023-08-11,1.163689957618326
2023-08-14,1.1649215480415605
2023-08-15,1.1699434561929922
2023-08-16,1.1671462212045696
2023-08-17,1.1679332567179517
2023-08-18,1.16114101333096
2023-08-21,1.1514108205023164
2023-08-22,1.1521973738181204
2023-08-23,1.147604788762263
2023-08-24,1.1442903519580265
2023-08-25,1.1453959532620925
2023-08-28,1.1565832880132163
2023-08-29,1.1650654944789456
2023-08-30,1.1545801983498591
2023-08-31,1.1516494394231527
2023-09-01,1.156026133887368
2023-09-04,1.1798173404866819
2023-09-05,1.1631211301674038
2023-09-06,1.1594705789503166
2023-09-07,1.1501522982730514
2023-09-08,1.1452573019561005
2023-09-11,1.1572784921245962
2023-09-12,1.1574286631313793
2023-09-13,1.1553230680878077
2023-09-14,1.1615754639652418
2023-09-15,1.1623794961796654
2023-09-18,1.1638510151283585
2023-09-19,1.1671259602930597
2023-09-20,1.167912208273993
2023-09-21,1.161060501134678
2023-09-22,1.1697489915130979
2023-09-25,1.1663997265258474
2023-09-26,1.1614557374270984
2023-09-27,1.1616288935870602
2023-09-28,1.1611756992977655
2023-10-09,1.1474040521755426
2023-10-10,1.1370888047633636
2023-10-11,1.1341155281660222
2023-10-12,1.1449746361812034
2023-10-13,1.13641507036587
2023-10-16,1.129172837795181
2023-10-17,1.132246971086319
2023-10-18,1.1160681604517493
2023-10-19,1.1017439950190286
2023-10-20,1.1000183236703571
2023-10-23,1.0756409683932506
2023-10-24,1.0885020827306437
2023-10-25,1.0985289524797217
2023-10-26,1.0996909247286872
2023-10-27,1.1114561723521281
2023-10-30,1.1106438828647125
2023-10-31,1.112223760701197
2023-11-01,1.1089478598433042
2023-11-02,1.1097356200203026
2023-11-03,1.1080004778497432
2023-11-06,1.11718541295944
2023-11-07,1.1128502210169995
2023-11-08,1.1084667392138945
2023-11-09,1.1085704725349195
2023-11-10,1.1005588387120322
2023-11-13,1.1038446404301239
2023-11-14,1.1058816790290087
2023-11-15,1.1095658407976743
2023-11-16,1.105613217320517
2023-11-17,1.103735830896792
2023-11-20,1.1061534098900478
2023-11-21,1.1109247659253674
2023-11-22,1.1093291137463865
2023-11-23,1.1157679704210746
2023-11-24,1.1148210970803027
2023-11-27,1.1083193891684542
2023-11-28,1.1073675458896948
2023-11-29,1.0970974301761403
2023-11-30,1.100615904994558
2023-12-01,1.107767302581597
2023-12-04,1.1065787207507392
2023-12-05,1.0926604213584568
2023-12-06,1.092022136872362
2023-12-07,1.0970849712537114
2023-12-08,1.0968617515908063
2023-12-11,1.1030578578886883
2023-12-12,1.108807136824491
2023-12-13,1.100103642495564
2023-12-14,1.098875700217693
2023-12-15,1.095092162976996
2023-12-18,1.088634226303592
2023-12-19,1.0849465360009958
2023-12-20,1.0800164943961277
2023-12-21,1.0816085490137806
2023-12-22,1.080629357028053
2023-12-25,1.0769998065119473
2023-12-26,1.0749394282126785
2023-12-27,1.0824874409269014
2023-12-28,1.0922999293418951
2023-12-29,1.0949472339197954
2024-01-02,1.0958569247278116
2024-01-03,1.1056205947543178
2024-01-04,1.1070821838495248
2024-01-05,1.1091066949687587
2024-01-08,1.0901934052960198
2024-01-09,1.0979292843578483
2024-01-10,1.0960920839550419
2024-01-11,1.0972244444836508
2024-01-12,1.104084489900945
2024-01-15,1.107354709303185
2024-01-16,1.1099950389242614
2024-01-17,1.0946198325368546
2024-01-18,1.0834611485018013
2024-01-19,1.0777770855209177
2024-01-22,1.0410228654942182
2024-01-23,1.0507307818180796
2024-01-24,1.0793057517964424
2024-01-25,1.1112642583545573
2024-01-26,1.126999237930939
2024-01-29,1.123695350876049
2024-01-30,1.1097084458840338
2024-01-31,1.1003468000693455
2024-02-01,1.084836378181987
2024-02-02,1.067259860193243
2024-02-05,1.0556791396110734
2024-02-06,1.1189921685092143
2024-02-07,1.1728639524621973
2024-02-08,1.1746742860813633
2024-02-19,1.1701321141372103
2024-02-20,1.1749664210922068
2024-02-21,1.1776517522326162
2024-02-22,1.180922642777461
2024-02-23,1.1834086744582584
2024-02-26,1.1760856118413174
2024-02-27,1.188378917952785
2024-02-28,1.171151546611442
2024-02-29,1.19194238663427
2024-03-01,1.1911681856170715
2024-03-04,1.1867305883668688
2024-03-05,1.196823839235035
2024-03-06,1.1935564627671016
2024-03-07,1.1963164144876959
2024-03-08,1.2007723301556121
2024-03-11,1.2019127719928577
2024-03-12,1.185052103809733
2024-03-13,1.1778630809200552
2024-03-14,1.1792934234516343
2024-03-15,1.1870724963792854
2024-03-18,1.1896667429278114
2024-03-19,1.1800815932535196
2024-03-20,1.1842570464536275
2024-03-21,1.1857373303869227
2024-03-22,1.1761467201944868
2024-03-25,1.1799051645889937
2024-03-26,1.1892503036856765
2024-03-27,1.186545010192629
2024-03-28,1.177371771245701
2024-03-29,1.1872298202286564
2024-04-01,1.1941420709608723
2024-04-02,1.1982417591054357
2024-04-03,1.2053262485572418
2024-04-08,1.2065168142920712
2024-04-09,1.2026246136356065
2024-04-10,1.2021272405868495
2024-04-11,1.210140948258818
2024-04-12,1.200704427669938
2024-04-15,1.2240367138034773
2024-04-16,1.2182637774708789
2024-04-17,1.2412079188264085
2024-04-18,1.252050858713652
2024-04-19,1.2503789450220428
2024-04-22,1.2339128472934953
2024-04-23,1.2186805714646105
2024-04-24,1.2147917326643243
2024-04-25,1.22591591991339
2024-04-26,1.217951455869195
2024-04-29,1.2271883212312582
2024-04-30,1.2307765518848441
2024-05-06,1.2350902426514896
2024-05-07,1.2315197621055256
2024-05-08,1.2282210632463801
2024-05-09,1.2368423155248274
2024-05-10,1.2436919346490387
2024-05-13,1.2515907453416177
2024-05-14,1.2535741867220467
2024-05-15,1.2486323325635782
2024-05-16,1.2530161374290527
2024-05-17,1.2621637999196653
2024-05-20,1.2599518908313185
2024-05-21,1.267376574714021
2024-05-22,1.269241446070221
2024-05-23,1.256130224704395
2024-05-24,1.2530999395658655
2024-05-27,1.267933771954764
2024-05-28,1.2580207913724666
2024-05-29,1.2532755244499234
2024-05-30,1.244020492151263
2024-05-31,1.2469662770210768
2024-06-03,1.2329340587084179
2024-06-04,1.242339144035145
2024-06-05,1.2262052662623166
2024-06-06,1.2149644080504942
2024-06-07,1.2240407028792741
2024-06-11,1.2093235122399904
2024-06-12,1.2086509608824716
2024-06-13,1.1960188826739622
2024-06-14,1.2057297294179452
2024-06-17,1.1959122722732172
2024-06-18,1.1995344172579727
2024-06-19,1.1932890598113746
2024-06-20,1.1795077062667134
2024-06-21,1.1806582944311397
2024-06-24,1.166630600875417
2024-06-25,1.17125500912805
2024-06-26,1.1803657150506077
2024-06-27,1.1749439216740132
2024-06-28,1.178837108443938
2024-07-01,1.1911645081948483
2024-07-02,1.1955167813889325
2024-07-03,1.1900313164729004
2024-07-04,1.1729677689678866
2024-07-05,1.169643210759921
2024-07-08,1.154497972705486
2024-07-09,1.1662905900834768
2024-07-10,1.148476780007866
2024-07-11,1.1613247039588093
2024-07-12,1.1638719078088542
2024-07-15,1.165853194813656
2024-07-16,1.1588235781436758
2024-07-17,1.1565123630851408
2024-07-18,1.158652895698259
2024-07-19,1.1533386466852829
2024-07-22,1.1429183975236816
2024-07-23,1.128094536735205
2024-07-24,1.1212277943989881
2024-07-25,1.1167706661530052
2024-07-26,1.125992257174452
2024-07-29,1.1250280786442766
2024-07-30,1.1229086385898184
2024-07-31,1.1497019813972904
2024-08-01,1.13851530732535
2024-08-02,1.1333909601077414
2024-08-05,1.1183771868779833
2024-08-06,1.1187133167456422
2024-08-07,1.1227558067126442
2024-08-08,1.12546408111686
2024-08-09,1.1243983458522941
2024-08-12,1.1261145310677314
2024-08-13,1.128740091469262
2024-08-14,1.118488274985969
2024-08-15,1.1279003553052085
2024-08-16,1.1276578244131787
2024-08-19,1.1413492773092726
2024-08-20,1.1205951871761208
2024-08-21,1.109347279569705
2024-08-22,1.1078315048124947
2024-08-23,1.107885713605193
2024-08-26,1.1061921175564224
2024-08-27,1.100147986971897
2024-08-28,1.0967291638393146
2024-08-29,1.0854928642976853
2024-08-30,1.0877907998258036
2024-09-02,1.0874024647865268
2024-09-03,1.076209174822776
2024-09-04,1.071986119737903
2024-09-05,1.0759627742716267
2024-09-06,1.0707350784695238
2024-09-09,1.0551453987452555
2024-09-10,1.0534440104362224
2024-09-11,1.033158843000427
2024-09-12,1.0377093419930872
2024-09-13,1.033456525380624
2024-09-18,1.0374634130710472
2024-09-19,1.0457970159585883
2024-09-20,1.0437430649841342
2024-09-23,1.0563801354703508
2024-09-24,1.1038734756156523
2024-09-25,1.1331564660720075
2024-09-26,1.1801881185653595
2024-09-27,1.1976420291201106
2024-09-30,1.2896841803051027
2024-10-08,1.3292494043419645
2024-10-09,1.2450483283759037
2024-10-10,1.2851213488404916
2024-10-11,1.2671178948019155
2024-10-14,1.3044972581756076
2024-10-15,1.2704924104664217
2024-10-16,1.2971551685613012
2024-10-17,1.274487996237327
2024-10-18,1.2842626780837523
2024-10-21,1.2735223304699286
2024-10-22,1.2803413373028922
2024-10-23,1.2833080943029411
2024-10-24,1.2797938605097678
2024-10-25,1.2711547998596684
2024-10-28,1.2720990002507702
2024-10-29,1.262525793600404
2024-10-30,1.2505913036381568
2024-10-31,1.24864789062549
2024-11-01,1.2587488729374028
2024-11-04,1.269333207160627
2024-11-05,1.2782166235971386
2024-11-06,1.2665765168020293
2024-11-07,1.291659417810704
2024-11-08,1.2777675470588354
2024-11-11,1.2691374508861364
2024-11-12,1.2611306566325287
2024-11-13,1.2739319384221408
2024-11-14,1.263376392205518
2024-11-15,1.2650878241488093
2024-11-18,1.2845403423347412
2024-11-19,1.2831716857341142
2024-11-20,1.282311495542087
2024-11-21,1.282331882521355
2024-11-22,1.2489677996854487
2024-11-25,1.2485987667365936
2024-11-26,1.2513106197076282
2024-11-27,1.2660352401108455
2024-11-28,1.2613002910161462
2024-11-29,1.2690422059623496
2024-12-02,1.2677388867636301
2024-12-03,1.280258831283838
2024-12-04,1.2826046240865518
2024-12-05,1.2772699192141503
2024-12-06,1.2955057814927893
2024-12-09,1.3008685066034278
2024-12-10,1.2977161041038616
2024-12-11,1.3031623574187685
2024-12-12,1.3123183653574657
2024-12-13,1.2930467194366264
2024-12-16,1.301694569560817
2024-12-17,1.298559489014729
2024-12-18,1.3098507790384168
2024-12-19,1.2992623558743013
2024-12-20,1.2876820693943294
2024-12-23,1.2982990437100328
2024-12-24,1.3169480298286744
2024-12-25,1.3222438079155565
2024-12-26,1.312558121653877
2024-12-27,1.317899292619752
2024-12-30,1.328433192486169
2024-12-31,1.3144996505767814
2025-01-02,1.2787610247759902
2025-01-03,1.2710295228539963
2025-01-06,1.278069188826588
2025-01-07,1.27837311178782
2025-01-08,1.2732748231320037
2025-01-09,1.2632182236250842
2025-01-10,1.2487886796364362
2025-01-13,1.248485636742692
2025-01-14,1.2720548179853364
2025-01-15,1.2689258160212964
2025-01-16,1.2791231869977633
2025-01-17,1.2870740875264182
2025-01-20,1.2878004431245642
2025-01-21,1.282416890561604
2025-01-22,1.2704820987925765
2025-01-23,1.2769541464774445
2025-01-24,1.2872071874965259
2025-01-27,1.298174421795145
2025-02-05,1.2772087450433616
2025-02-06,1.286021897182307
2025-02-07,1.2951097224979446
2025-02-10,1.2957407336640803
2025-02-11,1.2972057556636156
2025-02-12,1.2997255514985364
2025-02-13,1.2964141493325645
2025-02-14,1.2974226100860364
2025-02-17,1.2991894203228591
2025-02-18,1.2942990624458794
2025-02-19,1.2950437907086225
2025-02-20,1.2886480741947295
2025-02-21,1.2845416233573066
2025-02-24,1.2884917202824215
2025-02-25,1.2751787985463392
2025-02-26,1.2885263203854171
2025-02-27,1.2908252157506237
2025-02-28,1.2782647428596476
2025-03-03,1.2797125598618142
2025-03-04,1.2829187754842941
2025-03-05,1.2867388126519916
2025-03-06,1.2863871649010807
2025-03-07,1.2854547303709682
2025-03-10,1.2831655471201928
2025-03-11,1.2922149687814803
2025-03-12,1.2932223345768663
2025-03-13,1.3009009479187512
2025-03-14,1.311079310021014
2025-03-17,1.3170623176540808
2025-03-18,1.3212746465458691
2025-03-19,1.3254200335499589
2025-03-20,1.3248281644203117
2025-03-21,1.3239039558696315
2025-03-24,1.3357026604221194
2025-03-25,1.34589744062698
2025-03-26,1.3386638666335937
2025-03-27,1.3356178792360955
2025-03-28,1.329880066109352
2025-03-31,1.3277457428373642
2025-04-01,1.3377791948668682
2025-04-02,1.342115099016806
2025-04-03,1.34103517242196
2025-04-07,1.2425619587679344
2025-04-08,1.2730111523834529
2025-04-09,1.2793872999504108
2025-04-10,1.292840000154873
2025-04-11,1.2876255469716922
2025-04-14,1.2937472709201323
2025-04-15,1.3003195868544541
2025-04-16,1.3045256966243148
2025-04-17,1.3093780112671272
2025-04-18,1.3149034990885495
2025-04-21,1.3127631806776738
2025-04-22,1.3215759102221334
2025-04-23,1.3152631956067997
2025-04-24,1.3228367973354285
2025-04-25,1.3252765095619186
2025-04-28,1.3244773417982412
2025-04-29,1.3202265556225343
2025-04-30,1.309457722636638
2025-05-06,1.313298894555331
2025-05-07,1.3241803536161723
2025-05-08,1.3351548045731638
2025-05-09,1.3338776431368986
2025-05-12,1.3445615692527628
2025-05-13,1.3543125353243433
2025-05-14,1.3714485262660083
2025-05-15,1.3576604828979915
2025-05-16,1.3510766531221385
2025-05-19,1.3553297676877896
2025-05-20,1.3576130476469486
2025-05-21,1.3658087676981858
2025-05-22,1.3615653178349656
2025-05-23,1.3500583121721197
2025-05-26,1.3441048640121833
2025-05-27,1.3491319572856013
2025-05-28,1.3513877965334873
2025-05-29,1.3612316414357732
2025-05-30,1.360458010089124
2025-06-03,1.3663593706063173
2025-06-04,1.3700769511220783
2025-06-05,1.3633342944179356
2025-06-06,1.3685421001364984
2025-06-09,1.3691833770052322
2025-06-10,1.369851413528559
2025-06-11,1.37329456925443
2025-06-12,1.3726273140322975
2025-06-13,1.3648458337117428
2025-06-16,1.367678299334942
2025-06-17,1.369522213249967
2025-06-18,1.3701291962382776
2025-06-19,1.3627992191570273
2025-06-20,1.3675046242557714
2025-06-23,1.3716362517164096
2025-06-24,1.3828401386562474
2025-06-25,1.3946568964952641
2025-06-26,1.394107462301483
2025-06-27,1.3869589817270473
2025-06-30,1.3848592459424376
2025-07-01,1.3904056152287958
2025-07-02,1.4006191428383639
2025-07-03,1.4012671388210993
2025-07-04,1.4070483154245088
2025-07-07,1.411467815109871
2025-07-08,1.415326860947836
2025-07-09,1.4199632924895176
2025-07-10,1.4308706592455653
2025-07-11,1.432132544757409
2025-07-14,1.441799055157648
2025-07-15,1.4296165939161476
2025-07-16,1.423908827984245
2025-07-17,1.425825714122948
2025-07-18,1.434298864683475
2025-07-21,1.461096220633438
2025-07-22,1.4931982551484317
2025-07-23,1.4973359951920584
2025-07-24,1.508019558321594
2025-07-25,1.487561187690177
2025-07-28,1.4742221902284012
2025-07-29,1.4718627068160106
2025-07-30,1.4743923965009595
2025-07-31,1.4455634448205537
2025-08-01,1.4461115824211295
2025-08-04,1.453737894842081
2025-08-05,1.4711709127088457
2025-08-06,1.4704701670125517
2025-08-07,1.4724544059949172
2025-08-08,1.4774935397515856
2025-08-11,1.4697080077237439
2025-08-12,1.47349797638483
2025-08-13,1.4693104037508065
2025-08-14,1.4574722141953387
2025-08-15,1.458533720379222
2025-08-18,1.4583730560262618
2025-08-19,1.4560195662713555
2025-08-20,1.4655915932434063
2025-08-21,1.4739421601939962
2025-08-22,1.4695175239571792
2025-08-25,1.4818113034924372
2025-08-26,1.4820951628393022
2025-08-27,1.453667410141316
2025-08-28,1.4585051875845862
2025-08-29,1.4573958718982554
2025-09-01,1.4523775589865557
2025-09-02,1.4568263031163307
2025-09-03,1.4379241559503477
2025-09-04,1.4388422884002112
2025-09-05,1.441565505675766
2025-09-08,1.451137961708389
2025-09-09,1.4579094816350222
2025-09-10,1.4559425279922766
2025-09-11,1.4654053581331041
2025-09-12,1.459998366894661
2025-09-15,1.4531345995843892
2025-09-16,1.452706246142971
2025-09-17,1.4614435892844932
2025-09-18,1.444207636830879
2025-09-19,1.4397290162161074
2025-09-22,1.4239726339543513
2025-09-23,1.428400957773426
2025-09-24,1.4336776548742154
2025-09-25,1.4236615834900215
2025-09-26,1.4211911607506837
2025-09-29,1.424031783256169
2025-09-30,1.4155372669094708
2025-10-09,1.4274148950306784
2025-10-10,1.439922369985941
2025-10-13,1.4373925654555957
2025-10-14,1.452876323025041
2025-10-15,1.4637328315616343
2025-10-16,1.4665319525192224
2025-10-17,1.455670844422259
2025-10-20,1.4569062451730486
2025-10-21,1.4670799176899152
2025-10-22,1.4743157907004267
2025-10-23,1.482632028403345
2025-10-24,1.4712079225513446
2025-10-27,1.4799238016999776
2025-10-28,1.4746425143404203
2025-10-29,1.4724372214870864
2025-10-30,1.4691667517585654
2025-10-31,1.4718201959109098
2025-11-03,1.4805884554577076
2025-11-04,1.470883867815646
2025-11-05,1.4750523900272867
2025-11-06,1.4810638698698373
2025-11-07,1.4789690544424416
2025-11-10,1.498206191336119
2025-11-11,1.4987550172485269
2025-11-12,1.4993447971258362
2025-11-13,1.4999249288743157
2025-11-14,1.4910755692905913
2025-11-17,1.4730682411608862
2025-11-18,1.460984972504906
2025-11-19,1.4580951544270633
2025-11-20,1.4600503164846836
2025-11-21,1.4346209536762924
2025-11-24,1.4355828454847253
2025-11-25,1.4420177847343214
2025-11-26,1.4400657225683862
2025-11-27,1.436904021370773
2025-11-28,1.4411716504829186
2025-12-01,1.455343942814221
2025-12-02,1.456169109877779
2025-12-03,1.459519968627737
2025-12-04,1.4593108507840762
2025-12-05,1.4661414311500067
2025-12-08,1.4644827438462673
2025-12-09,1.4526946201202418
2025-12-10,1.458480024303663
2025-12-11,1.4484937881298479
2025-12-12,1.457718596017803
2025-12-15,1.4635400223812252
2025-12-16,1.4528902040588354
2025-12-17,1.4631848442643975
2025-12-18,1.4648098175835524
2025-12-19,1.4753317372248413
2025-12-22,1.4738378810019366
2025-12-23,1.4759659047802218
2025-12-24,1.4852440652122083
2025-12-25,1.4899372318042485
2025-12-26,1.4915467637550226
2025-12-29,1.481325094568813
2025-12-30,1.4739024997938301
2025-12-31,1.470733260660281
2026-01-05,1.4868019944013262
2026-01-06,1.496281396697058
2026-01-07,1.494744735646282
2026-01-08,1.492276986747313
2026-01-09,1.5008701493166265
2026-01-12,1.5068070712022987
2026-01-13,1.5067114721647294
2026-01-14,1.5013004921420894
2026-01-15,1.4933982151584126
2026-01-16,1.4836024373248236
2026-01-19,1.4877868995993275
2026-01-20,1.5028208029240746
2026-01-21,1.4989105753327558
2026-01-22,1.5089126904516283
2026-01-23,1.5191009724944897
2026-01-26,1.5179801983655656
2026-01-27,1.5087671135563094
2026-01-28,1.5170514184925248
2026-01-29,1.5297139053369808
2026-01-30,1.5199546340317576
2026-02-02,1.482774358872771
2026-02-03,1.4900060150761214
2026-02-04,1.5127406153858485
2026-02-05,1.5199884494128133
2026-02-06,1.5131978162588702
2026-02-09,1.5213322890386867
2026-02-10,1.52174808686105
2026-02-11,1.5305782618664556
2026-02-12,1.521794996901973
2026-02-13,1.5057843690394648
2026-02-24,1.5177003633703283
2026-02-25,1.5252311297919976
2026-02-26,1.5233376910857188
2026-02-27,1.5315897882811154
2026-03-02,1.528576063997645
2026-03-03,1.5119440889970162
2026-03-04,1.487127042445577
2026-03-05,1.4921102062555052
2026-03-06,1.5163847970591862
2026-03-09,1.4993696276966149
2026-03-10,1.517806250973212
2026-03-11,1.5250584563981102
2026-03-12,1.533630779950002
2026-03-13,1.5291774059229328
2026-03-16,1.522851645521864
2026-03-17,1.5245820262712715
2026-03-18,1.5214388101253171
2026-03-19,1.500891638182241
2026-03-20,1.4925961225136775
2026-03-23,1.4314771693352366
2026-03-24,1.4664338168968993
2026-03-25,1.4890804768180896
2026-03-26,1.4822838864047259
2026-03-27,1.49279900055314
2026-03-30,1.5018008513358307
2026-03-31,1.5014475482408502
2026-04-01,1.5212032449804604
2026-04-02,1.5046123960356457
2026-04-03,1.4860632656238526
2026-04-07,1.4835998479678647
2026-04-08,1.5345812205454614
2026-04-09,1.5092679331701564
2026-04-10,1.522584858638326
2026-04-13,1.507729417534697
2026-04-14,1.5173470932133077
2026-04-15,1.5291730580401282
2026-04-16,1.5400471097150703
2026-04-17,1.534275120063135
2026-04-20,1.5364036712371516
2026-04-21,1.5389919951635374
2026-04-22,1.5484228908747912
2026-04-23,1.5425716909306986
2026-04-24,1.5374874752420542
2026-04-27,1.529731982012246
2026-04-28,1.530566022936569
2026-04-29,1.5526875864758893
2026-04-30,1.5401436355835545
2026-05-06,1.5512258342712058
2026-05-07,1.5538838626311586
2026-05-08,1.5546357906937243
2026-05-11,1.5569533669608442
2026-05-12,1.5580788603636997
2026-05-13,1.5580327893132655
2026-05-14,1.540252106961489
2026-05-15,1.518877107010214
2026-05-18,1.5020860663538045
2026-05-19,1.5167189750496002
2026-05-20,1.5050711371809076
2026-05-21,1.4933415725525705
2026-05-22,1.4891142943580715
2026-05-25,1.4949925779573565
2026-05-26,1.499872403784676
2026-05-27,1.482099154211461
2026-05-28,1.4719165853647738
2026-05-29,1.4948219517367596
2026-06-01,1.51313948489602
2026-06-02,1.501426023179586
2026-06-03,1.487548874453317
2026-06-04,1.4677189199128688
2026-06-05,1.471515470215734
2026-06-08,1.444245219672755
2026-06-09,1.4513706169927019
2026-06-10,1.4626209918180257
2026-06-11,1.4515081650483113
2026-06-12,1.4812251945491808
2026-06-15,1.4887148818764167
2026-06-16,1.4667199826711124
2026-06-17,1.4528136889039238
2026-06-18,1.4314853390574063
2026-06-22,1.4462343372909594
2026-06-23,1.436941053382079
2026-06-24,1.414034070015411
2026-06-25,1.4094109359685913
2026-06-26,1.3748903862844422
2026-06-29,1.4005803462695372
2026-06-30,1.381527924308622
2026-07-01,1.4151099213184786
2026-07-02,1.4263459899044575
2026-07-03,1.4468509302898347
2026-07-06,1.4678800356209998
2026-07-07,1.4374405669972377
2026-07-08,1.4382830996637177
2026-07-09,1.423654914190908
2026-07-10,1.4357314037194107
2026-07-13,1.4431647029282162
2026-07-14,1.4625639182922912
2026-07-15,1.4898204625196259
2026-07-16,1.4935532472654678
2026-07-17,1.4829242348961247
2026-07-20,1.5164490721973456
2026-07-21,1.5075554346692033
2026-07-22,1.5153862380517693
2026-07-23,1.5303628317221813
2026-07-24,1.5029607199190702
2026-07-27,1.5167654788706384
2026-07-28,1.5214138496835279
2026-07-29,1.5509699915796626
2026-07-30,1.5731713376628464
2026-07-31,1.564059129662736
2026-08-03,1.5726073567230543
2026-08-04,1.5626664756177242
2026-08-05,1.561635980258784
2026-08-06,1.5571688937967803
2026-08-07,1.5612840935529666
2026-08-10,1.5751493477518508
2026-08-11,1.5665815414308435
2026-08-12,1.5730520958138487
2026-08-13,1.5632133387142244
2026-08-14,1.5512363409420578
2026-08-17,1.5688691639175616
2026-08-18,1.568740273930486
2026-08-19,1.5485544393402095
2026-08-20,1.5624885472014363
2026-08-21,1.546164760910547
2026-08-24,1.5421195346292063
2026-08-25,1.5509013736506347
2026-08-26,1.5673304225521483
2026-08-27,1.5624603276446678
2026-08-28,1.562662082027667
2026-08-31,1.5599231553428552
