,close
2016-01-04,1.0
2016-01-05,0.9978881653038242
2016-01-06,1.0177809332615189
2016-01-07,0.942294471918915
2016-01-08,0.9604869509866327
2016-01-11,0.9073441707878372
2016-01-12,0.9123664495911473
2016-01-13,0.8911232434020467
2016-01-14,0.9130304068941879
2016-01-15,0.882340253635607
2016-01-18,0.8884458698526172
2016-01-19,0.9164750526367331
2016-01-20,0.9041362679332126
2016-01-21,0.8745316554864614
2016-01-22,0.8850492092248935
2016-01-25,0.8907800029378642
2016-01-26,0.833324438133477
2016-01-27,0.828027958674044
2016-01-28,0.8021027762816432
2016-01-29,0.8292395828232875
2016-02-01,0.8171666748274005
2016-02-02,0.8373946041228028
2016-02-03,0.8358625079567156
2016-02-04,0.8479461881212359
2016-02-05,0.8412485922734173
2016-02-15,0.8379799735592225
2016-02-16,0.866298535964354
2016-02-17,0.8745669098565343
2016-02-18,0.8720136610684034
2016-02-19,0.8725583900504333
2016-02-22,0.8914662390442148
2016-02-23,0.8840948930127798
2016-02-24,0.8899089262106449
2016-02-25,0.830540322185771
2016-02-26,0.8374190863242422
2016-02-29,0.8103021103657642
2016-03-01,0.8263404005288155
2016-03-02,0.8627030798609411
2016-03-03,0.8651606032414435
2016-03-04,0.8655611320569946
2016-03-07,0.873435832150027
2016-03-08,0.8745154972335112
2016-03-09,0.8609447681535524
2016-03-10,0.8450112618126622
2016-03-11,0.8454827890123879
2016-03-14,0.8628805758213779
2016-03-15,0.8625082015374823
2016-03-16,0.8622386524996328
2016-03-17,0.8770445086422172
2016-03-18,0.8954534103706605
2016-03-21,0.9175373353571954
2016-03-22,0.9117441120305538
2016-03-23,0.9156979875630418
2016-03-24,0.9004370072956961
2016-03-25,0.9062023209126965
2016-03-28,0.8988368506096068
2016-03-29,0.8869174460167458
2016-03-30,0.9125150565538853
2016-03-31,0.9136720853939186
2016-04-01,0.9130837780933262
2016-04-05,0.9286635166234148
2016-04-06,0.928858639768888
2016-04-07,0.9150683053420164
2016-04-08,0.9077221759780639
2016-04-11,0.9225133427997846
2016-04-12,0.9179408020369192
2016-04-13,0.9305339568133967
2016-04-14,0.9359342408069333
2016-04-15,0.9344471918914948
2016-04-18,0.9211844489056457
2016-04-19,0.9243348185868874
2016-04-20,0.9004497380404446
2016-04-21,0.8941125201978163
2016-04-22,0.8987462664642805
2016-04-25,0.8947199236155315
2016-04-26,0.9011357293247809
2016-04-27,0.8971703471576165
2016-04-28,0.8949569113254664
2016-04-29,0.8939803163100426
2016-05-03,0.9132700876462811
2016-05-04,0.9125500661019439
2016-05-05,0.9149187190912208
2016-05-06,0.8876269402144641
2016-05-09,0.8651826372227391
2016-05-10,0.865680850022034
2016-05-11,0.8677674680507271
2016-05-12,0.8693739901091907
2016-05-13,0.8657897958184401
2016-05-16,0.8741362679332125
2016-05-17,0.8713083288449297
2016-05-18,0.8608093815795916
2016-05-19,0.8612314547324096
2016-05-20,0.8672548107525829
2016-05-23,0.8723767321157518
2016-05-24,0.8647485677912158
2016-05-25,0.8626673358468393
2016-05-26,0.8649326739460412
2016-05-27,0.8643808451255938
2016-05-30,0.8640060226215542
2016-05-31,0.8949045194143859
2016-06-01,0.8942346863829995
2016-06-02,0.8972871272584831
2016-06-03,0.9025684277530235
2016-06-06,0.9012796846692456
2016-06-07,0.9006495128041914
2016-06-08,0.8970912696469667
2016-06-13,0.865325613279146
2016-06-14,0.8679684669245459
2016-06-15,0.8844657983645889
2016-06-16,0.8791622190667384
2016-06-17,0.8837810311903246
2016-06-20,0.8851909611712285
2016-06-21,0.8808622631347011
2016-06-22,0.8904590412769916
2016-06-23,0.8857834304460657
2016-06-24,0.8744814669735104
2016-06-27,0.8893688488468883
2016-06-28,0.8953403026000099
2016-06-29,0.8988838564363708
2016-06-30,0.8995333692405622
2016-07-01,0.8990554766684621
2016-07-04,0.9144523331537973
2016-07-05,0.9166645448758752
2016-07-06,0.9197796601870439
2016-07-07,0.9194183028937962
2016-07-08,0.9150183616510796
2016-07-11,0.917777260931303
2016-07-12,0.9353378543798659
2016-07-13,0.9395544239338002
2016-07-14,0.9387440630661509
2016-07-15,0.9379980903882877
2016-07-18,0.9338757773098957
2016-07-19,0.9320227194829359
2016-07-20,0.9292865886500514
2016-07-21,0.9333550408852764
2016-07-22,0.9256110757479313
2016-07-25,0.9275441903735984
2016-07-26,0.9390532732703325
2016-07-27,0.9170261469911375
2016-07-28,0.9182252852176468
2016-07-29,0.9130059246927484
2016-08-01,0.9034436664544876
2016-08-02,0.9085176027028351
2016-08-03,0.9107352005092298
2016-08-04,0.914057924888606
2016-08-05,0.9132578465455614
2016-08-08,0.9229332125544729
2016-08-09,0.9297267786319345
2016-08-10,0.9259790432355678
2016-08-11,0.9198961954658963
2016-08-12,0.9352328257356902
2016-08-15,0.9613310972922685
2016-08-16,0.9594922391421437
2016-08-17,0.9593282083924988
2016-08-18,0.957718503647848
2016-08-19,0.9582328747000931
2016-08-22,0.9490941585467365
2016-08-23,0.9504663859374235
2016-08-24,0.9483734025363562
2016-08-25,0.9418829261127161
2016-08-26,0.9427652646525976
2016-08-29,0.9436517651667238
2016-08-30,0.9444077755471771
2016-08-31,0.9479243989619547
2016-09-01,0.9403652744454781
2016-09-02,0.9417617392155903
2016-09-05,0.9444209959359545
2016-09-06,0.953490917103266
2016-09-07,0.9531914997796602
2016-09-08,0.953997943495079
2016-09-09,0.9476306125446801
2016-09-12,0.9286179797287372
2016-09-13,0.9294327473926456
2016-09-14,0.9232744944425403
2016-09-19,0.9310637516525486
2016-09-20,0.9298315624540958
2016-09-21,0.9317421534544386
2016-09-22,0.9384732899182294
2016-09-23,0.9347324095382656
2016-09-26,0.9179760564069922
2016-09-27,0.9240664936591099
2016-09-28,0.9218564853351614
2016-09-29,0.9253180237966998
2016-09-30,0.9283917641874357
2016-10-10,0.9417872007050875
2016-10-11,0.9460348626548499
2016-10-12,0.9445698477207071
2016-10-13,0.9451867991969838
2016-10-14,0.9451385692601478
2016-10-17,0.9370704597757431
2016-10-18,0.9499887381873379
2016-10-19,0.9483518581990893
2016-10-20,0.9489543651765168
2016-10-21,0.9497444058169711
2016-10-24,0.9605192674925329
2016-10-25,0.9615607403417715
2016-10-26,0.9575769965235275
2016-10-27,0.955187533663027
2016-10-28,0.9513355040885276
2016-10-31,0.9504095872300837
2016-11-01,0.9574198207902855
2016-11-02,0.9499596043676247
2016-11-03,0.9575353767810801
2016-11-04,0.9544256475542281
2016-11-07,0.9551833716887822
2016-11-08,0.9596014297605642
2016-11-09,0.9538003721294619
2016-11-10,0.9649799245948195
2016-11-11,0.9723573911766146
2016-11-14,0.9763333006903981
2016-11-15,0.9773950937668315
2016-11-16,0.9775062429613671
2016-11-17,0.9785396366841307
2016-11-18,0.9732274886157763
2016-11-21,0.9783344758360673
2016-11-22,0.9859641090926896
2016-11-23,0.9858842971159968
2016-11-24,0.9883024041521814
2016-11-25,0.9960945992263625
2016-11-28,0.99963350144445
2016-11-29,1.003148166283112
2016-11-30,0.9964065024727023
2016-12-01,1.0035097683983742
2016-12-02,0.9917252607354453
2016-12-05,0.9783459824707438
2016-12-06,0.9765289134799001
2016-12-07,0.9828220633599374
2016-12-08,0.9803427508201538
2016-12-09,0.9844129168094795
2016-12-12,0.9557880820643393
2016-12-13,0.9562718503647848
2016-12-14,0.949367379914802
2016-12-15,0.9435699946139158
2016-12-16,0.9463888752876659
2016-12-19,0.9431097292268521
2016-12-20,0.9382615188757772
2016-12-21,0.9462077069970132
2016-12-22,0.9453792293002987
2016-12-23,0.9371350927875435
2016-12-26,0.9406404543896587
2016-12-27,0.9391840082260197
2016-12-28,0.9354761788179993
2016-12-29,0.9338684326494638
2016-12-30,0.9368033589580376
2017-01-03,0.9457356901532586
2017-01-04,0.9542185281300495
2017-01-05,0.9543218430201245
2017-01-06,0.9490936689027077
2017-01-09,0.954274592371346
2017-01-10,0.9521955638250992
2017-01-11,0.944705968760711
2017-01-12,0.9387127258483083
2017-01-13,0.9356624883709543
2017-01-16,0.9282473191989423
2017-01-17,0.931894677569407
2017-01-18,0.9338676981834207
2017-01-19,0.9307535621603095
2017-01-20,0.9393384909171033
2017-01-23,0.9434093913724722
2017-01-24,0.9431733829505949
2017-01-25,0.9460845615237722
2017-01-26,0.9504526759046174
2017-02-03,0.9450565538853254
2017-02-06,0.9491213337903345
2017-02-07,0.947482005581942
2017-02-08,0.9525698966851099
2017-02-09,0.9569213631689762
2017-02-10,0.9605951623169956
2017-02-13,0.966570288400333
2017-02-14,0.9667115507026393
2017-02-15,0.9610867649219018
2017-02-16,0.9670312882534398
2017-02-17,0.9608297018067865
2017-02-20,0.9742217108162367
2017-02-21,0.9787002399255742
2017-02-22,0.9818581990892621
2017-02-23,0.9785910493071537
2017-02-24,0.9787932722910444
2017-02-27,0.9709905498702444
2017-02-28,0.9734923860353524
2017-03-01,0.9753545022768447
2017-03-02,0.9692476619497625
2017-03-03,0.9686282622533418
2017-03-06,0.9752071194241787
2017-03-07,0.9769517210987612
2017-03-08,0.9747473436811438
2017-03-09,0.9678438525192186
2017-03-10,0.9684137981687314
2017-03-13,0.9770888214268226
2017-03-14,0.9761653527885228
2017-03-15,0.9772112324340204
2017-03-16,0.9833178279390883
2017-03-17,0.9735477158106057
2017-03-20,0.9749784556627332
2017-03-21,0.9790851001322038
2017-03-22,0.9751302453116584
2017-03-23,0.9780504822993684
2017-03-24,0.9850690398080595
2017-03-27,0.9814072369387455
2017-03-28,0.9789991676051512
2017-03-29,0.9772712138275474
2017-03-30,0.9669397248200559
2017-03-31,0.9719238113891201
2017-04-05,0.9876053958771973
2017-04-06,0.9905001713754101
2017-04-07,0.992032022719483
2017-04-10,0.9890429907457279
2017-04-11,0.9942643098467414
2017-04-12,0.9903385888459091
2017-04-13,0.9931131567350536
2017-04-14,0.9836275277872987
2017-04-17,0.9791191303922049
2017-04-18,0.9739896195465897
2017-04-19,0.9676181266219459
2017-04-20,0.9705951623169955
2017-04-21,0.9695238211820008
2017-04-24,0.9552120158644666
2017-04-25,0.9581217255055574
2017-04-26,0.9596702247466092
2017-04-27,0.9606879498604515
2017-04-28,0.9601841061548254
2017-05-02,0.9577633060764824
2017-05-03,0.9542625960926406
2017-05-04,0.9515810605689664
2017-05-05,0.9433699750281546
2017-05-08,0.9335484502766489
2017-05-09,0.933938451745581
2017-05-10,0.9253429956421682
2017-05-11,0.928505851246144
2017-05-12,0.9338030651716203
2017-05-15,0.9378734759829604
2017-05-16,0.949145815991774
2017-05-17,0.9460221319101013
2017-05-18,0.9413712481026294
2017-05-19,0.9424489546099986
2017-05-22,0.9400509229789943
2017-05-23,0.9370631151153112
2017-05-24,0.9385986387896
2017-05-25,0.9530962640160603
2017-05-26,0.9514395534446458
2017-05-31,0.9533315379718945
2017-06-01,0.9491778876756598
2017-06-02,0.9497549331635902
2017-06-05,0.9481773001028253
2017-06-06,0.9541120305537875
2017-06-07,0.9673236057386281
2017-06-08,0.9728732311609459
2017-06-09,0.9763457866131323
2017-06-12,0.9729900112618127
2017-06-13,0.9780377515546198
2017-06-14,0.9681444939528963
2017-06-15,0.9693353082309162
2017-06-16,0.9669847720707047
2017-06-19,0.9758874798021838
2017-06-20,0.9749006022621555
2017-06-21,0.9836008421877296
2017-06-22,0.9801890025951133
2017-06-23,0.9874293688488469
2017-06-26,1.000942075111394
2017-06-27,1.0023194437643834
2017-06-28,0.9954612446751212
2017-06-29,1.0013296283601822
2017-06-30,1.00188537433286
2017-07-03,1.0005084953238996
2017-07-04,0.9930306517162023
2017-07-05,1.0030024971845468
2017-07-06,1.00343264946384
2017-07-07,1.0037105224501788
2017-07-10,1.002387993928414
2017-07-11,1.002262889879058
2017-07-12,1.000076139646477
2017-07-13,1.0063925476178819
2017-07-14,1.0086289967193849
2017-07-17,0.9894116926994075
2017-07-18,0.9929297850462714
2017-07-19,1.0107567448464967
2017-07-20,1.016145032561328
2017-07-21,1.0135482054546345
2017-07-24,1.0183405963864272
2017-07-25,1.0130059246927485
2017-07-26,1.0098949713558243
2017-07-27,1.0129273368261276
2017-07-28,1.0162649953483818
2017-07-31,1.023155510943544
2017-08-01,1.0290574352445772
2017-08-02,1.0256061793076434
2017-08-03,1.019541938011066
2017-08-04,1.0138757773098956
2017-08-07,1.0212143171914019
2017-08-08,1.0222976546051021
2017-08-09,1.02371003280615
2017-08-10,1.0184243255153502
2017-08-11,0.9990892621064487
2017-08-14,1.0143854967438672
2017-08-15,1.0176325711207952
2017-08-16,1.0169000636537238
2017-08-17,1.0229589188659844
2017-08-18,1.0228022327767714
2017-08-21,1.028560936199383
2017-08-22,1.0295341037066053
2017-08-23,1.0278742104490035
2017-08-24,1.0216395730304069
2017-08-25,1.0367815697987564
2017-08-28,1.0495869852617148
2017-08-29,1.0472293492630858
2017-08-30,1.049232972628899
2017-08-31,1.0475899720902904
2017-09-01,1.0517962591196202
2017-09-04,1.0565017382363022
2017-09-05,1.0590836312001175
2017-09-06,1.059179846251775
2017-09-07,1.0531173187092984
2017-09-08,1.0530568476717426
2017-09-11,1.056405033540616
2017-09-12,1.058576849630319
2017-09-13,1.0613274249620526
2017-09-14,1.0582776771287274
2017-09-15,1.0562716055427706
2017-09-18,1.0607574793125398
2017-09-19,1.0570662978014984
2017-09-20,1.0616598932576018
2017-09-21,1.057106448611859
2017-09-22,1.0552764040542524
2017-09-25,1.0476193507320177
2017-09-26,1.049607550310924
2017-09-27,1.052516770307986
2017-09-28,1.05208588356265
2017-09-29,1.056448856681193
2017-10-09,1.0688738187337805
2017-10-10,1.0716131322528522
2017-10-11,1.0723764872937376
2017-10-12,1.0740686970572393
2017-10-13,1.077955491357783
2017-10-16,1.0723583704646722
2017-10-17,1.071999951035597
2017-10-18,1.075893845174558
2017-10-19,1.0705339568133967
2017-10-20,1.0728389560789307
2017-10-23,1.0754911129608775
2017-10-24,1.0806935807667826
2017-10-25,1.0861925280321207
2017-10-26,1.0905630906331099
2017-10-27,1.0943034813690449
2017-10-30,1.086492190177741
2017-10-31,1.0880938157959164
2017-11-01,1.0857726582774323
2017-11-02,1.082791460608138
2017-11-03,1.0792909954463106
2017-11-06,1.088666209665573
2017-11-07,1.0971008177055281
2017-11-08,1.0963107770650737
2017-11-09,1.1040667384811242
2017-11-10,1.1125280321206483
2017-11-13,1.1170768251481173
2017-11-14,1.1088390540077364
2017-11-15,1.1002874210449005
2017-11-16,1.1074097830876952
2017-11-17,1.1016385937423492
2017-11-20,1.1094023894628606
2017-11-21,1.1250330509719435
2017-11-22,1.1262140723693874
2017-11-23,1.0940349116192527
2017-11-24,1.0945507516035842
2017-11-27,1.0800594917494981
2017-11-28,1.0859645987367184
2017-11-29,1.0864189883954367
2017-11-30,1.0745230867159576
2017-12-01,1.0753510747686432
2017-12-04,1.0777753023551877
2017-12-05,1.0753378543798657
2017-12-06,1.0723378054154629
2017-12-07,1.0618102139744405
2017-12-08,1.071255936933849
2017-12-11,1.0880683543064191
2017-12-12,1.0751123733046077
2017-12-13,1.083842481515938
2017-12-14,1.0794178132497674
2017-12-15,1.0682879596533321
2017-12-18,1.0675427214415119
2017-12-19,1.0797417127748128
2017-12-20,1.076436125936444
2017-12-21,1.0855834108603046
2017-12-22,1.0831662831121776
2017-12-25,1.077993438770014
2017-12-26,1.0819438867943005
2017-12-27,1.0674940018606474
2017-12-28,1.0743698281349459
2017-12-29,1.078838319541693
2018-01-02,1.093688243646869
2018-01-03,1.1009616608725457
2018-01-04,1.1057263869167115
2018-01-05,1.107675904617343
2018-01-08,1.1132125544728984
2018-01-09,1.1189455515839983
2018-01-10,1.1208020369191598
2018-01-11,1.1212679332125544
2018-01-12,1.1238980561132057
2018-01-15,1.117334133085247
2018-01-16,1.1260578759242033
2018-01-17,1.1224883709543163
2018-01-18,1.1279640601282868
2018-01-19,1.1300705087401461
2018-01-22,1.1435871321549234
2018-01-23,1.1530047005826765
2018-01-24,1.1562201929197473
2018-01-25,1.1507986094109581
2018-01-26,1.154041766635656
2018-01-29,1.1350509229789945
2018-01-30,1.126149929001616
2018-01-31,1.12443299221466
2018-02-01,1.1092395828232875
2018-02-02,1.1151513000048965
2018-02-05,1.1154262351270625
2018-02-06,1.0773833423101407
2018-02-07,1.058282328747001
2018-02-08,1.0531910101356312
2018-02-09,1.0097737844586985
2018-02-12,1.0260686480928365
2018-02-13,1.0367700631640797
2018-02-14,1.0437643832933456
2018-02-22,1.0661719629829116
2018-02-23,1.0707895509964256
2018-02-26,1.0861129608774422
2018-02-27,1.0735146648386622
2018-02-28,1.0671341134994858
2018-03-01,1.0751721098761202
2018-03-02,1.0671967879351711
2018-03-05,1.0678715174068454
2018-03-06,1.08113009841845
2018-03-07,1.0725485971698574
2018-03-08,1.082670763355041
2018-03-09,1.0922614209469717
2018-03-12,1.0999968173138128
2018-03-13,1.0909232238162856
2018-03-14,1.0844506193996963
2018-03-15,1.0885369436419723
2018-03-16,1.0791614846006954
2018-03-19,1.0830208588356267
2018-03-20,1.0846031435146648
2018-03-21,1.0792998090388288
2018-03-22,1.069998775889928
2018-03-23,1.0329856044655534
2018-03-26,1.033291631983548
2018-03-27,1.045852959898154
2018-03-28,1.0291448367037166
2018-03-29,1.0420640944033688
2018-03-30,1.046564167849973
2018-04-02,1.0446070606668951
2018-04-03,1.0369612691573227
2018-04-04,1.0335526122508938
2018-04-09,1.0335322920236987
2018-04-10,1.0499099054987027
2018-04-11,1.0531513489692994
2018-04-12,1.0437161533565098
2018-04-13,1.037196543113157
2018-04-16,1.024234931205014
2018-04-17,1.0068403270822113
2018-04-18,1.0139391862116243
2018-04-19,1.0244753464231504
2018-04-20,1.0087962101552173
2018-04-23,1.0072961856730158
2018-04-24,1.028565832639671
2018-04-25,1.0257484208980072
2018-04-26,1.006249081917446
2018-04-27,1.0071113450521472
2018-05-02,1.0081907653136168
2018-05-03,1.0164899867796113
2018-05-04,1.0127985604465555
2018-05-07,1.02953826568085
2018-05-08,1.0393460803995496
2018-05-09,1.0373821182000686
2018-05-10,1.0421277481271116
2018-05-11,1.0359060862752778
2018-05-14,1.0420224746609215
2018-05-15,1.0473473534740243
2018-05-16,1.040431376389365
2018-05-17,1.0333756059344859
2018-05-18,1.042043774176174
2018-05-21,1.0491240268324928
2018-05-22,1.0470956764432258
2018-05-23,1.0333232140234052
2018-05-24,1.026960289869265
2018-05-25,1.021453263477452
2018-05-28,1.0235587328012536
2018-05-29,1.0152558390050432
2018-05-30,0.9924127209518679
2018-05-31,1.0112630367722666
2018-06-01,1.0018459579885424
2018-06-04,1.009056700778534
2018-06-05,1.020852959898154
2018-06-06,1.0190623316848653
2018-06-07,1.0161687802967243
2018-06-08,1.0029106889291484
2018-06-11,1.0013379523086716
2018-06-12,1.01318146207707
2018-06-13,1.0018687264358812
2018-06-14,0.998001273074475
2018-06-15,0.9894582088821428
2018-06-19,0.9479469225872791
2018-06-20,0.9533153797189443
2018-06-21,0.9400215443372668
2018-06-22,0.9463418694609019
2018-06-25,0.9351635411056162
2018-06-26,0.9309019243010331
2018-06-27,0.9143739901091906
2018-06-28,0.9048565342995643
2018-06-29,0.929464574254517
2018-07-02,0.9054918474269207
2018-07-03,0.9083508789110317
2018-07-04,0.8959354649170054
2018-07-05,0.8855346912794398
2018-07-06,0.8906566126426089
2018-07-09,0.9142726337952309
2018-07-10,0.917217108162366
2018-07-11,0.9008372912892327
2018-07-12,0.9215071243206189
2018-07-13,0.9252276844733879
2018-07-16,0.9207366694413162
2018-07-17,0.9162723400088136
2018-07-18,0.9109256720364295
2018-07-19,0.9083156245409588
2018-07-20,0.9239786025559419
2018-07-23,0.9322278803309993
2018-07-24,0.9473740390735934
2018-07-25,0.946768349409979
2018-07-26,0.936961513979337
2018-07-27,0.932902364980659
2018-07-30,0.9288236302208295
2018-07-31,0.9294941977182589
2018-08-01,0.9118317583117074
2018-08-02,0.8917864662390442
2018-08-03,0.8777821573715909
2018-08-06,0.8647862703814327
2018-08-07,0.8896281153601332
2018-08-08,0.8754367624736817
2018-08-09,0.8974518924741713
2018-08-10,0.9000856877050384
2018-08-13,0.8982757185526123
2018-08-14,0.8940405425255838
2018-08-15,0.8732913871615335
2018-08-16,0.8682847769671449
2018-08-17,0.8551309797777016
2018-08-20,0.8639213142045733
2018-08-21,0.8783567546393771
2018-08-22,0.8721970327571855
2018-08-23,0.875780492581893
2018-08-24,0.876327669784067
2018-08-27,0.8972570141507125
2018-08-28,0.8966158252950106
2018-08-29,0.8924800470058267
2018-08-30,0.8821022866376145
2018-08-31,0.8764789697889634
2018-09-03,0.8750332957939578
2018-09-04,0.8856759535817461
2018-09-05,0.8692694511090437
2018-09-06,0.8613031875826275
2018-09-07,0.8641641776428536
2018-09-10,0.8508478186358518
2018-09-11,0.8495972677863194
2018-09-12,0.8447948391519365
2018-09-13,0.8528651520344709
2018-09-14,0.8516831513489693
2018-09-17,0.8412887430837781
2018-09-18,0.8577089555892866
2018-09-19,0.8686336483376585
2018-09-20,0.868013758997209
2018-09-21,0.8911323018165793
2018-09-25,0.88447754982128
2018-09-26,0.892937619350732
2018-09-27,0.887542721441512
2018-09-28,0.8965658816040738
2018-10-08,0.8603207168388581
2018-10-09,0.8593654213386869
2018-10-10,0.8577344170787837
2018-10-11,0.8121027762816432
2018-10-12,0.8200457817166921
2018-10-15,0.80774200656123
2018-10-16,0.7982509915291583
2018-10-17,0.8031814620770701
2018-10-18,0.7833995984918963
2018-10-19,0.8062554472898203
2018-10-22,0.8422614209469715
2018-10-23,0.8214755422807619
2018-10-24,0.8220638495813544
2018-10-25,0.8227826470156197
2018-10-26,0.8186586201831269
2018-10-29,0.7962716055427704
2018-10-30,0.8047683983743819
2018-10-31,0.8164466532830633
2018-11-01,0.8222320423052442
2018-11-02,0.850897517504774
2018-11-05,0.8455851246144054
2018-11-06,0.8415558439014836
2018-11-07,0.8363164079714048
2018-11-08,0.8330406894187925
2018-11-09,0.823430935709739
2018-11-12,0.8359521128139843
2018-11-13,0.8459993634627626
2018-11-14,0.8387563041668706
2018-11-15,0.8494971355824317
2018-11-16,0.8542851197179651
2018-11-19,0.8621348479655291
2018-11-20,0.8410701170249228
2018-11-21,0.8434424423444157
2018-11-22,0.8408982519708172
2018-11-23,0.818946530872056
2018-11-26,0.8181780345688684
2018-11-27,0.8182830632130441
2018-11-28,0.8289746854037116
2018-11-29,0.8164961073299711
2018-11-30,0.8248300935220095
2018-12-03,0.8485229887871517
2018-12-04,0.8508022817411741
2018-12-05,0.846191548744063
2018-12-06,0.8281476766390834
2018-12-07,0.8281205013954855
2018-12-10,0.8185136855506047
2018-12-11,0.8231173187092984
2018-12-12,0.8251598687754003
2018-12-13,0.8371240757968956
2018-12-14,0.8217223228712727
2018-12-17,0.8204987024433238
2018-12-18,0.8129743426528914
2018-12-19,0.8029155853694364
2018-12-20,0.7987847035205405
2018-12-21,0.7899865347892082
2018-12-24,0.7937090535180924
2018-12-25,0.7873424570337364
2018-12-26,0.7835570190471527
2018-12-27,0.7791355334671693
2018-12-28,0.7834150222788033
2019-01-02,0.7736659648435588
2019-01-03,0.7718677471478236
2019-01-04,0.7903390784899379
2019-01-07,0.7975025706311512
2019-01-08,0.7956992116731136
2019-01-09,0.8022871272584831
2019-01-10,0.8008309259168584
2019-01-11,0.8066904960094011
2019-01-14,0.8000788326886353
2019-01-15,0.8147169857513588
2019-01-16,0.8143695833129315
2019-01-17,0.8094613915683299
2019-01-18,0.8226570533222347
2019-01-21,0.8272761102678353
2019-01-22,0.8159540713900995
2019-01-23,0.8158468393477941
2019-01-24,0.8203662537335358
2019-01-25,0.8245287176222886
2019-01-28,0.8238804289281693
2019-01-29,0.8234747588503158
2019-01-30,0.8165061450325614
2019-01-31,0.8214358811144299
2019-02-01,0.8358272535866426
2019-02-11,0.8524225138324438
2019-02-12,0.8587952308671596
2019-02-13,0.8752644077755471
2019-02-14,0.8771732850217892
2019-02-15,0.8633300690398081
2019-02-18,0.8916430005386085
2019-02-19,0.8907202663663516
2019-02-20,0.8931635900700191
2019-02-21,0.8909594574744162
2019-02-22,0.911604318660334
2019-02-25,0.9650438231405769
2019-02-26,0.9559535817460707
2019-02-27,0.9537692797336337
2019-02-28,0.9523294814669736
2019-03-01,0.9700741810703618
2019-03-04,0.982974097830877
2019-03-05,0.9935445331244186
2019-03-06,1.0041884150222786
2019-03-07,0.9995860059736572
2019-03-08,0.9600636537237429
2019-03-11,0.9839384517455809
2019-03-12,0.9932605395877198
2019-03-13,0.9813651275522695
2019-03-14,0.9705334671693678
2019-03-15,0.9824607060666894
2019-03-18,1.0099811487048915
2019-03-19,1.0074347549331635
2019-03-20,1.0074340204671204
2019-03-21,1.0110828477696714
2019-03-22,1.011964696665524
2019-03-25,0.9907322626450571
2019-03-26,0.9753163100425991
2019-03-27,0.9861974244724087
2019-03-28,0.9796947069480488
2019-03-29,1.0161589874161485
2019-04-01,1.0457667825490868
2019-04-02,1.0460549380600304
2019-04-03,1.0588385643637075
2019-04-04,1.0683550408852764
2019-04-08,1.0662769916270871
2019-04-09,1.0703383440238947
2019-04-10,1.072057973853009
2019-04-11,1.04902585320472
2019-04-12,1.0466758066885375
2019-04-15,1.0414307398521276
2019-04-16,1.0686791852323363
2019-04-17,1.0703672330215932
2019-04-18,1.0658933555305292
2019-04-19,1.077053077412721
2019-04-22,1.0543595456103412
2019-04-23,1.0487220290848553
2019-04-24,1.0532642119179356
2019-04-25,1.0257702100572883
2019-04-26,1.0131187876413847
2019-04-29,1.0087952308671595
2019-04-30,1.0132475640209568
2019-05-06,0.9500075894824462
2019-05-07,0.9600594917494981
2019-05-08,0.9484049845762131
2019-05-09,0.9323475982960387
2019-05-10,0.966137687900896
2019-05-13,0.9513097977770161
2019-05-14,0.9448259315477647
2019-05-15,0.9660341281888067
2019-05-16,0.9708098712236204
2019-05-17,0.9444858737697694
2019-05-20,0.9375162806639573
2019-05-21,0.951107329971111
2019-05-22,0.9461513979337023
2019-05-23,0.9285401263281595
2019-05-24,0.9290767761837145
2019-05-27,0.9431376389364933
2019-05-28,0.9497037653625814
2019-05-29,0.9481214806835431
2019-05-30,0.9422538314645253
2019-05-31,0.9393514664838662
2019-06-03,0.9371343583215003
2019-06-04,0.9278592763061255
2019-06-05,0.9270621358272536
2019-06-06,0.9158794006757088
2019-06-10,0.9270770699701317
2019-06-11,0.9565029623463741
2019-06-12,0.9492170591979631
2019-06-13,0.9487396562698919
2019-06-14,0.9389795818439994
2019-06-17,0.9393091122753758
2019-06-18,0.9415477647750086
2019-06-19,0.9538855701904716
2019-06-20,0.9803873084267737
2019-06-21,0.9845539342897713
2019-06-24,0.9861232434020467
2019-06-25,0.9760076874112521
2019-06-26,0.9740638006169515
2019-06-27,0.9840809381579593
2019-06-28,0.9796153846153847
2019-07-01,1.0081736277726092
2019-07-02,1.0077001419967684
2019-07-03,0.9971223620427949
2019-07-04,0.9923911766146013
2019-07-05,0.997147823532292
2019-07-08,0.9714363707584587
2019-07-09,0.9700514126230231
2019-07-10,0.9670398570239436
2019-07-11,0.9667744699603389
2019-07-12,0.972170102335602
2019-07-15,0.9781672624002351
2019-07-16,0.9750851980610097
2019-07-17,0.9745152524114968
2019-07-18,0.9634617832835529
2019-07-19,0.972816922097635
2019-07-22,0.962916564657494
2019-07-23,0.966733095039906
2019-07-24,0.9748785682808598
2019-07-25,0.9818611369534349
2019-07-26,0.9836312001175145
2019-07-29,0.9827385790530285
2019-07-30,0.9870868628507076
2019-07-31,0.979324046418254
2019-08-01,0.9715555990794693
2019-08-02,0.9577647750085687
2019-08-05,0.9410187044018998
2019-08-06,0.9285873769769377
2019-08-07,0.924543162121138
2019-08-08,0.935298927679577
2019-08-09,0.9256997013171424
2019-08-12,0.9424839641580571
2019-08-13,0.934712089311071
2019-08-14,0.939157567448465
2019-08-15,0.9424866572002155
2019-08-16,0.9464750526367331
2019-08-19,0.969345101111492
2019-08-20,0.9685734221221173
2019-08-21,0.9678747000930323
2019-08-22,0.9704169318905156
2019-08-23,0.9757731479214611
2019-08-26,0.9635021789159282
2019-08-27,0.9772518728884102
2019-08-28,0.9740704108113402
2019-08-29,0.9719220976350194
2019-08-30,0.97154115458062
2019-09-02,0.9867578220633599
2019-09-03,0.9894660431866034
2019-09-04,0.9980945502619596
2019-09-05,1.0078957547862704
2019-09-06,1.0131910101356314
2019-09-09,1.023047054791167
2019-09-10,1.0195223522499144
2019-09-11,1.0125072222494247
2019-09-12,1.0219642070214954
2019-09-16,1.0194533124418548
2019-09-17,1.0013151838613328
2019-09-18,1.0050364784801449
2019-09-19,1.0101934093913725
2019-09-20,1.0129968662782158
2019-09-23,1.002650443127846
2019-09-24,1.0051209420751113
2019-09-25,0.9948648582480537
2019-09-26,0.9835851735788083
2019-09-27,0.9874873916662587
2019-09-30,0.9770082749840866
2019-10-08,0.981582039857024
2019-10-09,0.9845882093717867
2019-10-10,0.9936887332908975
2019-10-11,1.001377858297018
2019-10-14,1.0130277138520296
2019-10-15,1.0064361259364443
2019-10-16,1.0027256034862655
2019-10-17,1.0028264701561966
2019-10-18,0.9887227635508985
2019-10-21,0.9904661411154091
2019-10-22,0.9959494197718258
2019-10-23,0.9893078881653039
2019-10-24,0.9888096753660089
2019-10-25,0.9956167066542624
2019-10-28,1.0056355579493708
2019-10-29,0.9988591294129169
2019-10-30,0.9923539636684131
2019-10-31,0.9900592469274838
2019-11-01,1.0050044067962591
2019-11-04,1.0112307202663664
2019-11-05,1.017810067081232
2019-11-06,1.011944131616315
2019-11-07,1.0148190765313618
2019-11-08,1.0102511873867699
2019-11-11,0.9913161631493904
2019-11-12,0.9917093473045097
2019-11-13,0.9907006806052
2019-11-14,0.9935535915389512
2019-11-15,0.9858869901581551
2019-11-18,0.9930446065710229
2019-11-19,1.0045514860696274
2019-11-20,0.9955376291436127
2019-11-21,0.991934828379768
2019-11-22,0.9822411007197768
2019-11-25,0.9876453018655438
2019-11-26,0.9893769279733633
2019-11-27,0.9872670518533027
2019-11-28,0.9839612201929198
2019-11-29,0.9776406502472703
2019-12-02,0.9795754786270382
2019-12-03,0.9834975272976546
2019-12-04,0.9829797287372081
2019-12-05,0.9909506438818979
2019-12-06,0.9974570337364737
2019-12-09,0.9967553738432161
2019-12-10,0.998861087989032
2019-12-11,0.9983095039905989
2019-12-12,0.9953023551877784
2019-12-13,1.0132899182294473
2019-12-16,1.0214207021495374
2019-12-17,1.0353052930519513
2019-12-18,1.0335034030260002
2019-12-19,1.0327177691818048
2019-12-20,1.0280921020418157
2019-12-23,1.01357635998629
2019-12-24,1.022287616902512
2019-12-25,1.0228722518728885
2019-12-26,1.0314221710816238
2019-12-27,1.0287648729373746
2019-12-30,1.0433498996229742
2019-12-31,1.0474790677177692
2020-01-02,1.062980218381237
2020-01-03,1.0622455075160357
2020-01-06,1.0617482740047985
2020-01-07,1.0708483082798805
2020-01-08,1.057916075013465
2020-01-09,1.0715472751309798
2020-01-10,1.0704987024433237
2020-01-13,1.0822031533075456
2020-01-14,1.0786368310238457
2020-01-15,1.07354184008226
2020-01-16,1.069981393526906
2020-01-17,1.0702817901385693
2020-01-20,1.0799809038828772
2020-01-21,1.063034079224404
2020-01-22,1.0689061352396807
2020-01-23,1.0346036331586936
2020-02-03,0.9510346178328356
2020-02-04,0.9740407873475984
2020-02-05,0.988426039269451
2020-02-06,1.0098251970817216
2020-02-07,1.0119301767614943
2020-02-10,1.0179772805170642
2020-02-11,1.0237996376634186
2020-02-12,1.0346947069480488
2020-02-13,1.0276901042941782
2020-02-14,1.0334879792390932
2020-02-17,1.0591776428536455
2020-02-18,1.0584350976839836
2020-02-19,1.0545057043529356
2020-02-20,1.077589237624247
2020-02-21,1.0821872398766097
2020-02-24,1.0827924398961957
2020-02-25,1.0825664691769084
2020-02-26,1.0653613572932479
2020-02-27,1.068161631493904
2020-02-28,1.0256358027713852
2020-03-02,1.0605963864270676
2020-03-03,1.0673591049307154
2020-03-04,1.0722829652842383
2020-03-05,1.0941499779660186
2020-03-06,1.0790929344366644
2020-03-09,1.0402849728247565
2020-03-10,1.064026563188562
2020-03-11,1.0493969788963424
2020-03-12,1.0297668804778926
2020-03-13,1.0171967144885667
2020-03-16,0.9724027811780835
2020-03-17,0.9694273368261275
2020-03-18,0.9507388728394457
2020-03-19,0.9433532781667728
2020-03-20,0.9587597561572736
2020-03-23,0.924388042892817
2020-03-24,0.9474610977819126
2020-03-25,0.9721850364784802
2020-03-26,0.964991137443079
2020-03-27,0.9659762522646037
2020-03-30,0.9537813494589434
2020-03-31,0.956789404103217
2020-04-01,0.9535794447436714
2020-04-02,0.9712151006218479
2020-04-03,0.9651631983547961
2020-04-07,0.9892550310923959
2020-04-08,0.9860313861822455
2020-04-09,0.9908544533124418
2020-04-10,0.9808657885717084
2020-04-13,0.9759040052881555
2020-04-14,0.9956678254908681
2020-04-15,0.9892056749742938
2020-04-16,0.9924611712285168
2020-04-17,0.9997663173872595
2020-04-20,1.0054803163100428
2020-04-21,0.9948367771630025
2020-04-22,1.0030122411007198
2020-04-23,0.9997257258972727
2020-04-24,0.9893563874063557
2020-04-27,0.9940171375410077
2020-04-28,0.99737261910591
2020-04-29,1.0008114380845126
2020-04-30,1.0156902756695882
2020-05-06,1.0249078489937815
2020-05-07,1.0224301277970915
2020-05-08,1.032906086275278
2020-05-11,1.0316919404592861
2020-05-12,1.0324713068599127
2020-05-13,1.0351585222543211
2020-05-14,1.0244453312441857
2020-05-15,1.0230094501297555
2020-05-18,1.0236048327865643
2020-05-19,1.0333650296234638
2020-05-20,1.0265190961171229
2020-05-21,1.0193425794447437
2020-05-22,0.9972203642951574
2020-05-25,0.9976978651520345
2020-05-26,1.0110599569113254
2020-05-27,1.0033706360475934
2020-05-28,1.0051264750526367
2020-05-29,1.0092845566273319
2020-06-01,1.037327278068844
2020-06-02,1.0395687215394407
2020-06-03,1.039861259364442
2020-06-04,1.039785560397591
2020-06-05,1.0439129902560838
2020-06-08,1.0474733633648337
2020-06-09,1.0540185819908927
2020-06-10,1.0528196151397933
2020-06-11,1.0430398080595409
2020-06-12,1.0445562356167066
2020-06-15,1.0350706556333544
2020-06-16,1.0516078685795427
2020-06-17,1.054054913577829
2020-06-18,1.0592700631640797
2020-06-19,1.0723769034911619
2020-06-22,1.0728880673750183
2020-06-23,1.0777054301522793
2020-06-24,1.0803772462419823
2020-06-29,1.0733970523429468
2020-06-30,1.088763893649317
2020-07-01,1.1060301620721735
2020-07-02,1.127639132350781
2020-07-03,1.1476082113303627
2020-07-06,1.2082764530186554
2020-07-07,1.2174879302746904
2020-07-08,1.2395720266366352
2020-07-09,1.260004064045439
2020-07-10,1.2419978210840719
2020-07-13,1.271915732262645
2020-07-14,1.2585855652940312
2020-07-15,1.238557533173383
2020-07-16,1.1790041864564462
2020-07-17,1.1857267786319348
2020-07-20,1.2207794643294325
2020-07-21,1.2245752827694267
2020-07-22,1.231823214023405
2020-07-23,1.2314007246731626
2020-07-24,1.175244675121187
2020-07-27,1.1804150467610048
2020-07-28,1.191048670616462
2020-07-29,1.2206835185819909
2020-07-30,1.215324609508887
2020-07-31,1.2261169759584782
2020-08-03,1.2484980169416833
2020-08-04,1.2474316701757822
2020-08-05,1.2511647162512853
2020-08-06,1.2482311854281938
2020-08-07,1.2336987465112863
2020-08-10,1.2387097635019342
2020-08-11,1.2244936835920286
2020-08-12,1.2144410958233363
2020-08-13,1.2132188708808695
2020-08-14,1.2300297458747491
2020-08-17,1.2573385398815062
2020-08-18,1.258928707829408
2020-08-19,1.2390824070900455
2020-08-20,1.2236505900210548
2020-08-21,1.233762718503648
2020-08-24,1.2431103657640894
2020-08-25,1.2426232189198454
2020-08-26,1.225804264799491
2020-08-27,1.233202394359301
2020-08-28,1.2605711942417863
2020-08-31,1.2540108945796404
2020-09-01,1.2610411790628213
2020-09-02,1.2617160554277043
2020-09-03,1.253897346129364
2020-09-04,1.2426745825784655
2020-09-07,1.2164097830876954
2020-09-08,1.2234635460020564
2020-09-09,1.19377057729031
2020-09-10,1.1879978945306762
2020-09-11,1.200426749253293
2020-09-14,1.206909881016501
2020-09-15,1.2159531410664448
2020-09-16,1.208268080105763
2020-09-17,1.2040410566518143
2020-09-18,1.2292702345394897
2020-09-21,1.219219776722323
2020-09-22,1.2042517015129999
2020-09-23,1.2090485482054547
2020-09-24,1.184704475346423
2020-09-25,1.1857104979679773
2020-09-28,1.1853366547519955
2020-09-29,1.189608382705773
2020-09-30,1.1870636292415413
2020-10-09,1.2131255202467806
2020-10-12,1.2494807569896687
2020-10-13,1.2531024824952262
2020-10-14,1.2448105322430594
2020-10-15,1.24092993193948
2020-10-16,1.2380918817020026
2020-10-19,1.2277312343925966
2020-10-20,1.238185428193703
2020-10-21,1.2346740929344366
2020-10-22,1.2302387504284384
2020-10-23,1.2137516035841944
2020-10-26,1.2084550261959557
2020-10-27,1.210356020173334
2020-10-28,1.2189542182833082
2020-10-29,1.2263762669539247
2020-10-30,1.204494711844489
2020-11-02,1.210963741859668
2020-11-03,1.226665034519904
2020-11-04,1.2333977623267884
2020-11-05,1.2528768055623563
2020-11-06,1.2506475787102775
2020-11-09,1.2749915291583018
2020-11-10,1.2673509278754347
2020-11-11,1.25410493071537
2020-11-12,1.2557714831317632
2020-11-13,1.2452488860598345
2020-11-16,1.2582593399598492
2020-11-17,1.2540813298731823
2020-11-18,1.2536588650051412
2020-11-19,1.2616928952651423
2020-11-20,1.2675869607795132
2020-11-23,1.2820146648386623
2020-11-24,1.2760882093717867
2020-11-25,1.2578257356901532
2020-11-26,1.258824878813103
2020-11-27,1.2716274543406945
2020-11-30,1.2661810948440486
2020-12-01,1.2920409832052098
2020-12-02,1.292438108994761
2020-12-03,1.290734098810165
2020-12-04,1.293577804436175
2020-12-07,1.2831517406845225
2020-12-08,1.2806801890025952
2020-12-09,1.262101601135974
2020-12-10,1.262272535866425
2020-12-11,1.247154898888508
2020-12-14,1.2583236791852324
2020-12-15,1.260642584341184
2020-12-16,1.2609696665524164
2020-12-17,1.2768563384419527
2020-12-18,1.2726328893894139
2020-12-21,1.2867677618371445
2020-12-22,1.2637871517406845
2020-12-23,1.2747630367722667
2020-12-24,1.2686352886451548
2020-12-25,1.2802689859472165
2020-12-28,1.2830955050678157
2020-12-29,1.2768150859325271
2020-12-30,1.2939202125055085
2020-12-31,1.317604539000147
2021-01-04,1.3340317289330657
2021-01-05,1.3564548058561428
2021-01-06,1.3655730793712972
2021-01-07,1.3848830974881263
2021-01-08,1.382204793615042
2021-01-11,1.3668224795573618
2021-01-12,1.4013522988787153
2021-01-13,1.3956010135631396
2021-01-14,1.3718562649953483
2021-01-15,1.3683912500612054
2021-01-18,1.384742398276453
2021-01-19,1.3670798364588943
2021-01-20,1.377450325613279
2021-01-21,1.3988592273417224
2021-01-22,1.4005112862948637
2021-01-25,1.4118790334426874
2021-01-26,1.384507295696029
2021-01-27,1.3885788816530384
2021-01-28,1.3523591049307153
2021-01-29,1.3442576751701514
2021-02-01,1.3593320520981247
2021-02-02,1.3785572393869658
2021-02-03,1.3728711501738238
2021-02-04,1.3673967340743278
2021-02-05,1.3651386427067522
2021-02-08,1.384922024188415
2021-02-09,1.4150433579787494
2021-02-10,1.44199948587377
2021-02-18,1.438417225676933
2021-02-19,1.4445889438378299
2021-02-22,1.4068161631493903
2021-02-23,1.402153283063213
2021-02-24,1.36986292415414
2021-02-25,1.3744268471820986
2021-02-26,1.3421213337903344
2021-03-01,1.3639652842383587
2021-03-02,1.3478408656906429
2021-03-03,1.3722076335504088
2021-03-04,1.3328622631347011
2021-03-05,1.329416564657494
2021-03-08,1.286733266415316
2021-03-09,1.2584636684130637
2021-03-10,1.2627444792635754
2021-03-11,1.294218503647848
2021-03-12,1.298178842481516
2021-03-15,1.2741741663810409
2021-03-16,1.2837660236008421
2021-03-17,1.2893790579248887
2021-03-18,1.299653944082652
2021-03-19,1.2701004994369094
2021-03-22,1.2845113107770652
2021-03-23,1.2711045634823483
2021-03-24,1.251743842726338
2021-03-25,1.251971869950546
2021-03-26,1.2782560593448564
2021-03-29,1.2801465259756157
2021-03-30,1.290716716447143
2021-03-31,1.2803973706115654
2021-04-01,1.2953154042011459
2021-04-02,1.305976325711208
2021-04-06,1.30257364246193
2021-04-07,1.2956182735151545
2021-04-08,1.2976816824168829
2021-04-09,1.28159506438819
2021-04-12,1.2593652009988738
2021-04-13,1.2570050188512951
2021-04-14,1.2681700533711993
2021-04-15,1.2619205797385302
2021-04-16,1.2682184057190422
2021-04-19,1.2959046173431916
2021-04-20,1.2953394702051608
2021-04-21,1.2979760074425892
2021-04-22,1.2972762571610439
2021-04-23,1.3071485090339323
2021-04-26,1.2947885472261667
2021-04-27,1.2975645350829947
2021-04-28,1.3052137541007687
2021-04-29,1.3141357048425795
2021-04-30,1.3058607942026148
2021-05-06,1.2937843118053176
2021-05-07,1.2789316701757822
2021-05-10,1.2796778631934584
2021-05-11,1.28477057729031
2021-05-12,1.2915797140478873
2021-05-13,1.2780768741125201
2021-05-14,1.3051826127405377
2021-05-17,1.3222096900553297
2021-05-18,1.3237155168192725
2021-05-19,1.3200023258091367
2021-05-20,1.3211282867355434
2021-05-21,1.3099032953043137
2021-05-24,1.314864368604025
2021-05-25,1.3503383440238945
2021-05-26,1.351148313176321
2021-05-27,1.3572576017235471
2021-05-28,1.3530945502619596
2021-05-31,1.3579659942222007
2021-06-01,1.3604490770210058
2021-06-02,1.3475997404886646
2021-06-03,1.340156171962983
2021-06-04,1.3466268912500612
2021-06-07,1.3470300396611665
2021-06-08,1.336386818782745
2021-06-09,1.3376233658130539
2021-06-10,1.34786326690496
2021-06-11,1.3368453459335063
2021-06-15,1.3225203936737993
2021-06-16,1.3010863242422759
2021-06-17,1.3075415218136415
2021-06-18,1.3094789208245607
2021-06-21,1.309235641188856
2021-06-22,1.3170022033981297
2021-06-23,1.3242336336483378
2021-06-24,1.324407041081134
2021-06-25,1.3437260441658916
2021-06-28,1.3467398521275034
2021-06-29,1.3317648239729716
2021-06-30,1.3403199089262106
2021-07-01,1.3374313029427607
2021-07-02,1.3052326788424815
2021-07-05,1.3084863144493954
2021-07-06,1.3078837829897665
2021-07-07,1.3217238407677618
2021-07-08,1.310628776379572
2021-07-09,1.3093261763697792
2021-07-12,1.326322601968369
2021-07-13,1.3307165205895315
2021-07-14,1.3161815844880773
2021-07-15,1.3312914361259365
2021-07-16,1.3196691720119473
2021-07-19,1.3218315379718946
2021-07-20,1.321451819027567
2021-07-21,1.3320999118640748
2021-07-22,1.3354801938990355
2021-07-23,1.321224134554179
2021-07-26,1.2833821182000686
2021-07-27,1.2421567105714146
2021-07-28,1.2397167898937471
2021-07-29,1.2636267198746511
2021-07-30,1.2561995299417326
2021-08-02,1.2852306713019634
2021-08-03,1.2829181315183862
2021-08-04,1.2968286245899232
2021-08-05,1.289955662733193
2021-08-06,1.2857373304607551
2021-08-09,1.3002816677275622
2021-08-10,1.3135058022817412
2021-08-11,1.3103425059981395
2021-08-12,1.3029211183469618
2021-08-13,1.2971870685011997
2021-08-16,1.2946101454242767
2021-08-17,1.2670050433334967
2021-08-18,1.280382093717867
2021-08-19,1.274247074376928
2021-08-20,1.2545431621211378
2021-08-23,1.2724110316799688
2021-08-24,1.2857861479704256
2021-08-25,1.2904650883807471
2021-08-26,1.2697189932918769
2021-08-27,1.2774788228957548
2021-08-30,1.2767867600254614
2021-08-31,1.2765091563433384
2021-09-01,1.286504504725065
2021-09-02,1.2914959849189638
2021-09-03,1.284999779660187
2021-09-06,1.3064414875385595
2021-09-07,1.32452568182931
2021-09-08,1.3223830730059247
2021-09-09,1.3251861136953436
2021-09-10,1.3334276795769475
2021-09-13,1.3308788375850755
2021-09-14,1.3119847231063015
2021-09-15,1.3036246633697302
2021-09-16,1.2853527640405424
2021-09-17,1.2927042305244087
2021-09-22,1.2884500073446603
2021-09-23,1.296875899720903
2021-09-24,1.2907371101209422
2021-09-27,1.2870718062968223
2021-09-28,1.2896036086764922
2021-09-29,1.2713628017431327
2021-09-30,1.2819363952406602
2021-10-08,1.2940578024775988
2021-10-11,1.2952648239729718
2021-10-12,1.278751970817216
2021-10-13,1.2912553983254176
2021-10-14,1.2871533565098172
2021-10-15,1.2915337854379867
2021-10-18,1.28205119228321
2021-10-19,1.2939018998188319
2021-10-20,1.2913351123733048
2021-10-21,1.293981564902316
2021-10-22,1.297118469372766
2021-10-25,1.3044919698379278
2021-10-26,1.3011524261861627
2021-10-27,1.2858506585712186
2021-10-28,1.274744283405964
2021-10-29,1.2868132008030162
2021-11-01,1.2848973216471624
2021-11-02,1.271441071341135
2021-11-03,1.2691555354257456
2021-11-04,1.2811063017186506
2021-11-05,1.2722389462860502
2021-11-08,1.2749457229594086
2021-11-09,1.2770736179797286
2021-11-10,1.2711300984184497
2021-11-11,1.289087842138765
2021-11-12,1.288661019438868
2021-11-15,1.2848935269059394
2021-11-16,1.2827781912549576
2021-11-17,1.2858443911276503
2021-11-18,1.2753851050286442
2021-11-19,1.2895800567987075
2021-11-22,1.2977826225334181
2021-11-23,1.298248910542036
2021-11-24,1.298676443225775
2021-11-25,1.2936566371248104
2021-11-26,1.2858226998971747
2021-11-29,1.2841792586789402
2021-11-30,1.2816761004749548
2021-12-01,1.2849154384762278
2021-12-02,1.2854788473779564
2021-12-03,1.2975791999216568
2021-12-06,1.2931992116731137
2021-12-07,1.297587279048132
2021-12-08,1.3165244332370367
2021-12-09,1.3337666111736768
2021-12-10,1.3284705479116683
2021-12-13,1.336218503647848
2021-12-14,1.3281253488713707
2021-12-15,1.3188937717279539
2021-12-16,1.3275409342408069
2021-12-17,1.3086237820104785
2021-12-20,1.2886115164275571
2021-12-21,1.298655559907947
2021-12-22,1.3000035254370073
2021-12-23,1.3083795720511189
2021-12-24,1.300375067326054
2021-12-27,1.2997120158644666
2021-12-28,1.3076442736130833
2021-12-29,1.2914402634284874
2021-12-30,1.3017857807374038
2021-12-31,1.3076482642119178
2022-01-04,1.3028927434754933
2022-01-05,1.287279709151447
2022-01-06,1.2775641678499732
2022-01-07,1.276074523821182
2022-01-10,1.2811059589678304
2022-01-11,1.2694013856926016
2022-01-12,1.2816485335161338
2022-01-13,1.2613970033785438
2022-01-14,1.2528098222592174
2022-01-17,1.2642391421436614
2022-01-18,1.2737257748616755
2022-01-19,1.2652010233560202
2022-01-20,1.2712202418841503
2022-01-21,1.2589095872300837
2022-01-24,1.2605141262302306
2022-01-25,1.228689198452725
2022-01-26,1.23714608529599
2022-01-27,1.2110152768936984
2022-01-28,1.198651495862508
2022-02-07,1.2168933065661265
2022-02-08,1.2146046614111543
2022-02-09,1.2276149194535573
2022-02-10,1.2250537629143612
2022-02-11,1.213242398276453
2022-02-14,1.2011413357489105
2022-02-15,1.2136339666062774
2022-02-16,1.2177324095382658
2022-02-17,1.2198409636194487
2022-02-18,1.227107109631298
2022-02-21,1.2250743769279733
2022-02-22,1.209460901924301
2022-02-23,1.223675561866523
2022-02-24,1.1995962884982618
2022-02-25,1.2107944964011166
2022-02-28,1.213893943103364
2022-03-01,1.2224286833472067
2022-03-02,1.2142179160750135
2022-03-03,1.2081243451011117
2022-03-04,1.1946459139205798
2022-03-07,1.1595925672036431
2022-03-08,1.132222567693287
2022-03-09,1.1190652450668364
2022-03-10,1.1371033393722763
2022-03-11,1.1423818488958526
2022-03-14,1.1094575723449054
2022-03-15,1.0557552269500075
2022-03-16,1.0985665915879157
2022-03-17,1.119728516868237
2022-03-18,1.1281610928854724
2022-03-21,1.1278613572932479
2022-03-22,1.1271316163149392
2022-03-23,1.1331061303432404
2022-03-24,1.125732434020467
2022-03-25,1.1070613034324048
2022-03-28,1.1024509621505167
2022-03-29,1.0982815453165549
2022-03-30,1.1277338784703521
2022-03-31,1.1191404543896588
2022-04-01,1.1316018949223914
2022-04-06,1.1288003966116633
2022-04-07,1.112017431327425
2022-04-08,1.1164837193360426
2022-04-11,1.081910321696127
2022-04-12,1.1021207462174998
2022-04-13,1.0905056064241296
2022-04-14,1.104435783185624
2022-04-15,1.1014916760515105
2022-04-18,1.0971317876903492
2022-04-19,1.0915823336434414
2022-04-20,1.072908534495422
2022-04-21,1.0494245948195662
2022-04-22,1.0521268667678598
2022-04-25,0.9963978847377957
2022-04-26,0.9844173236057386
2022-04-27,1.0154874895950645
2022-04-28,1.019852788522744
2022-04-29,1.0479069186701269
2022-05-05,1.049199848210351
2022-05-06,1.0235603486265485
2022-05-09,1.0191545806198894
2022-05-10,1.0311682906526956
2022-05-11,1.0445809626401605
2022-05-12,1.0412484943446114
2022-05-13,1.0495449003574402
2022-05-16,1.0428502178915928
2022-05-17,1.0538567301571757
2022-05-18,1.0502394114478775
2022-05-19,1.0535308230916125
2022-05-20,1.073106154825442
2022-05-23,1.0698989864368604
2022-05-24,1.0414413896097539
2022-05-25,1.0504764236400137
2022-05-26,1.0553300445576066
2022-05-27,1.0564943935758704
2022-05-30,1.0639004553689468
2022-05-31,1.080029794839152
2022-06-01,1.078241223130784
2022-06-02,1.081862263134701
2022-06-06,1.1019030015178963
2022-06-07,1.104489913333007
2022-06-08,1.114007565000245
2022-06-09,1.1014133819713068
2022-06-10,1.1188161631493905
2022-06-13,1.1086203055378738
2022-06-14,1.1170324389169073
2022-06-15,1.127563555794937
2022-06-16,1.1221050531263772
2022-06-17,1.1361304166870685
2022-06-20,1.1410162072173529
2022-06-21,1.1377143416736033
2022-06-22,1.1224910395142733
2022-06-23,1.142395632375263
2022-06-24,1.1555181168290654
2022-06-27,1.1671240513146943
2022-06-28,1.1804450374577682
2022-06-29,1.1610900455368947
2022-06-30,1.177283112177447
2022-07-01,1.1729517945453654
2022-07-04,1.1824963031875828
2022-07-05,1.1806936297311854
2022-07-06,1.1635421828330803
2022-07-07,1.1689398717132644
2022-07-08,1.1638876756597953
2022-07-11,1.1453547715810606
2022-07-12,1.1337788522743963
2022-07-13,1.1365237966997992
2022-07-14,1.1381266464280468
2022-07-15,1.1188299955932037
2022-07-18,1.1326693433873574
2022-07-19,1.129043994515987
2022-07-20,1.135202688145718
2022-07-21,1.1229139205797385
2022-07-22,1.1208172158840524
2022-07-25,1.113163908338638
2022-07-26,1.123166870685012
2022-07-27,1.1200423052440875
2022-07-28,1.120864270675219
2022-07-29,1.1074070655633355
2022-08-01,1.1134330901434657
2022-08-02,1.0893959751260833
2022-08-03,1.079404348038976
2022-08-04,1.0878088919355628
2022-08-05,1.1037432551535034
2022-08-08,1.1042694266268422
2022-08-09,1.1067130685991284
2022-08-10,1.0965666405523185
2022-08-11,1.1184213876511777
2022-08-12,1.1171371003280617
2022-08-15,1.1170010037702591
2022-08-16,1.1164098565342997
2022-08-17,1.1254593595456104
2022-08-18,1.1170196102433532
2022-08-19,1.1078606228272045
2022-08-22,1.117447583606718
2022-08-23,1.1131161435636294
2022-08-24,1.0894748322969203
2022-08-25,1.0978924986534788
2022-08-26,1.0950954316212114
2022-08-29,1.0920191940459285
2022-08-30,1.088210155217157
2022-08-31,1.083143759486853
2022-09-01,1.074868775400284
2022-09-02,1.071834745140283
2022-09-05,1.0716463546002055
2022-09-06,1.0837553493610146
2022-09-07,1.0847307692307693
2022-09-08,1.080011408705871
2022-09-09,1.0931550457817167
2022-09-13,1.0958958282328746
2022-09-14,1.0845555501150663
2022-09-15,1.0707210008323949
2022-09-16,1.0451740684522353
2022-09-19,1.0424366890270773
2022-09-20,1.0453697791705432
2022-09-21,1.04043945551584
2022-09-22,1.0330151789648927
2022-09-23,1.0270296234637417
2022-09-26,1.019536086764922
2022-09-27,1.0356037555697009
2022-09-28,1.0163410615482544
2022-09-29,1.0161309797777016
2022-09-30,1.0091649365910984
2022-10-10,0.9889782598051217
2022-10-11,0.9924527738334231
2022-10-12,1.009688194682466
2022-10-13,1.0037982666601382
2022-10-14,1.0279743426528913
2022-10-17,1.0305986143073984
2022-10-18,1.0298459090241394
2022-10-19,1.014768912500612
2022-10-20,1.0094123537188464
2022-10-21,1.007357293247809
2022-10-24,0.9828619938304853
2022-10-25,0.9804977476374676
2022-10-26,0.990817534152671
2022-10-27,0.985296479459433
2022-10-28,0.9594566909856534
2022-10-31,0.9540405670077854
2022-11-01,0.9849492728786172
2022-11-02,0.9961354110561622
2022-11-03,0.9901123733046077
2022-11-04,1.019901801890026
2022-11-07,1.0218708563874064
2022-11-08,1.016369999510356
2022-11-09,1.0087810311903245
2022-11-10,1.0017139254761789
2022-11-11,1.0243751162904569
2022-11-14,1.0250928854722616
2022-11-15,1.0441257405865936
2022-11-16,1.0364010184595798
2022-11-17,1.0338379523086718
2022-11-18,1.0293088184889585
2022-11-21,1.0227430348136903
2022-11-22,1.0200298193213535
2022-11-23,1.0203933555305293
2022-11-24,1.017247196787935
2022-11-25,1.0196334035156442
2022-11-28,1.0097165695539343
2022-11-29,1.037456837878862
2022-11-30,1.038044165891397
2022-12-01,1.047686480928365
2022-12-02,1.0421393771727954
2022-12-05,1.0593608431670176
2022-12-06,1.0634515742055526
2022-12-07,1.061186578857171
2022-12-08,1.0605620868628507
2022-12-09,1.0686292905058024
2022-12-12,1.0580787102776281
2022-12-13,1.055061156539196
2022-12-14,1.0557567938108994
2022-12-15,1.0554279488811635
2022-12-16,1.0545762865396855
2022-12-19,1.0364003819223424
2022-12-20,1.0210701904715274
2022-12-21,1.0199344366645449
2022-12-22,1.0180413014738285
2022-12-23,1.0157927336826127
2022-12-26,1.022385423297263
2022-12-27,1.0330689418792538
2022-12-28,1.0287299368359204
2022-12-29,1.0256346031435146
2022-12-30,1.0289089017284434
2023-01-03,1.0362124565440924
2023-01-04,1.0370591734808794
2023-01-05,1.0546346276257161
2023-01-06,1.0571789404103218
2023-01-09,1.0647797091514468
2023-01-10,1.066011922832101
2023-01-11,1.063013416246389
2023-01-12,1.064617073887284
2023-01-13,1.07770680115556
2023-01-16,1.093363364833766
2023-01-17,1.093508691181511
2023-01-18,1.0929758115849777
2023-01-19,1.1004267492532929
2023-01-20,1.1075859814914557
2023-01-30,1.1129364686872645
2023-01-31,1.1043815061450326
2023-02-01,1.1155502864417568
2023-02-02,1.1128099446702246
2023-02-03,1.1037988542329726
2023-02-06,1.0911039514273124
2023-02-07,1.093226631738726
2023-02-08,1.087456225823826
2023-02-09,1.1021492434999756
2023-02-10,1.09637891103168
2023-02-13,1.1059754688341576
2023-02-14,1.1069130392204867
2023-02-15,1.1020584634970376
2023-02-16,1.0918400088135924
2023-02-17,1.0778286245899231
2023-02-20,1.102292146109778
2023-02-21,1.1061120550359889
2023-02-22,1.0983274004798513
2023-02-23,1.0970144689810508
2023-02-24,1.087703691915977
2023-02-27,1.0827939333104832
2023-02-28,1.0901157028840034
2023-03-01,1.1034969642070216
2023-03-02,1.100784679038339
2023-03-03,1.1036845957988541
2023-03-06,1.0996348724477305
2023-03-07,1.0827639670959213
2023-03-08,1.0806105861039026
2023-03-09,1.0770908289673409
2023-03-10,1.0630276893698283
2023-03-13,1.073051069872203
2023-03-14,1.06581564902316
2023-03-15,1.067825662243549
2023-03-16,1.0546231944376439
2023-03-17,1.060410835822357
2023-03-20,1.0554799001126183
2023-03-21,1.067377344170788
2023-03-22,1.0723234098810166
2023-03-23,1.081788082064339
2023-03-24,1.079594403368751
2023-03-27,1.076773759976497
2023-03-28,1.072791803358958
2023-03-29,1.0732419575968273
2023-03-30,1.080803114136023
2023-03-31,1.0856530137589973
2023-04-03,1.0968099201880235
2023-04-04,1.0990759682710671
2023-04-06,1.0981489007491554
2023-04-07,1.1055528325907067
2023-04-10,1.0994865837536112
2023-04-11,1.0990239925574108
2023-04-12,1.0994632766978407
2023-04-13,1.0921222396317876
2023-04-14,1.097863364833766
2023-04-17,1.1104938549674388
2023-04-18,1.1125825050188514
2023-04-19,1.1036881212358616
2023-04-20,1.101168143759487
2023-04-21,1.0780289134799002
2023-04-24,1.0662747147823533
2023-04-25,1.0582673946041228
2023-04-26,1.0586602360084219
2023-04-27,1.0651459384027813
2023-04-28,1.0769237134603145
2023-05-04,1.078098859129413
2023-05-05,1.0726855750869118
2023-05-08,1.0838975909513784
2023-05-09,1.0740301131077707
2023-05-10,1.0675269059393822
2023-05-11,1.0654328698036528
2023-05-12,1.0521489007491553
2023-05-15,1.0672808598149146
2023-05-16,1.0610132448709788
2023-05-17,1.057944523331538
2023-05-18,1.0574080693335945
2023-05-19,1.0546291925769966
2023-05-22,1.0594567644322577
2023-05-23,1.0455291093375116
2023-05-24,1.0327334133085246
2023-05-25,1.030244356852568
2023-05-26,1.0324282426675808
2023-05-29,1.0286212603437301
2023-05-30,1.0309940018606472
2023-05-31,1.0226277970915145
2023-06-01,1.0244393820692357
2023-06-02,1.0377261665768984
2023-06-05,1.033882191646673
2023-06-06,1.0216502717524358
2023-06-07,1.0180853204720168
2023-06-08,1.0232573079371299
2023-06-09,1.0284707927336827
2023-06-12,1.0308160652205847
2023-06-13,1.0355902903589091
2023-06-14,1.035418180482789
2023-06-15,1.049921069382559
2023-06-16,1.0597008764628115
2023-06-19,1.0525551828820447
2023-06-20,1.0510019585761152
2023-06-21,1.0330048229936837
2023-06-26,1.0175910493071538
2023-06-27,1.027397346129364
2023-06-28,1.0262260196836899
2023-06-29,1.0224129657738825
2023-06-30,1.0291106595505068
2023-07-03,1.0410230867159576
2023-07-04,1.04281819517211
2023-07-05,1.0353048034079224
2023-07-06,1.0287087842138767
2023-07-07,1.0241262791950252
2023-07-10,1.0288248298487002
2023-07-11,1.035820374088038
2023-07-12,1.0276749742936886
2023-07-13,1.0421940704108112
2023-07-14,1.0417140968515888
2023-07-17,1.034614674631543
2023-07-18,1.0317100083239485
2023-07-19,1.0305271752435978
2023-07-20,1.0220932527052833
2023-07-21,1.0217480047005827
2023-07-24,1.0180552073642462
2023-07-25,1.0442406355579494
2023-07-26,1.041959898154042
2023-07-27,1.0392111834696176
2023-07-28,1.0607438916907408
2023-07-31,1.0670977084659452
2023-08-01,1.0643026244919944
2023-08-02,1.05779319884444
2023-08-03,1.0656700533711991
2023-08-04,1.0700970964109093
2023-08-07,1.062386647407335
2023-08-08,1.0592168633403516
2023-08-09,1.0548092836507859
2023-08-10,1.0568671350927876
2023-08-11,1.0334779170543016
2023-08-14,1.028047348577584
2023-08-15,1.024523111198159
2023-08-16,1.0168551143318807
2023-08-17,1.0212353963668412
2023-08-18,1.0075780737403908
2023-08-21,0.9938099936346276
2023-08-22,1.0008332027615923
2023-08-23,0.9836392057973853
2023-08-24,0.9899704499828624
2023-08-25,0.9839191108064438
2023-08-28,0.9953374381824414
2023-08-29,1.0084420506291927
2023-08-30,1.0083464476325712
2023-08-31,1.002145644616364
2023-09-01,1.007831023845664
2023-09-04,1.0227346863829996
2023-09-05,1.0152302795867403
2023-09-06,1.0136717671253
2023-09-07,0.9991443225774862
2023-09-08,0.9957693042158351
2023-09-11,1.0041928463007395
2023-09-12,1.0026540664936592
2023-09-13,0.9954174704989472
2023-09-14,0.9941956862361064
2023-09-15,0.9894366645448759
2023-09-18,0.9938494589433482
2023-09-19,0.9909886892229349
2023-09-20,0.9863978847377957
2023-09-21,0.9780744258923763
2023-09-22,0.9951160456348235
2023-09-25,0.9888641727464134
2023-09-26,0.98367840180189
2023-09-27,0.9864312050139549
2023-09-28,0.9850114821524751
2023-10-09,0.9825866425108946
2023-10-10,0.9758909562747883
2023-10-11,0.9779188659844293
2023-10-12,0.9866807520932283
2023-10-13,0.9772660970474466
2023-10-16,0.9676219948097734
2023-10-17,0.9708106546540665
2023-10-18,0.9619251089457964
2023-10-19,0.9439963276697841
2023-10-20,0.9376439553444647
2023-10-23,0.9244436174900847
2023-10-24,0.9297755471772021
2023-10-25,0.9342775791999217
2023-10-26,0.9372255300396612
2023-10-27,0.9509501297556676
2023-10-30,0.9576270381432699
2023-10-31,0.9545842677373549
2023-11-01,0.9534658473289919
2023-11-02,0.9478601331831759
2023-11-03,0.9560686480928365
2023-11-06,0.9699120844146306
2023-11-07,0.9676518875777309
2023-11-08,0.9657996621456202
2023-11-09,0.9654231258874798
2023-11-10,0.9593723742838957
2023-11-13,0.959446971551682
2023-11-14,0.9610991284336288
2023-11-15,0.9676068892914851
2023-11-16,0.9582285658326397
2023-11-17,0.9583801841061549
2023-11-20,0.961290848553102
2023-11-21,0.9613803799637664
2023-11-22,0.9510679870733977
2023-11-23,0.9567072907995887
2023-11-24,0.9496924545855163
2023-11-27,0.9443759242031043
2023-11-28,0.9468044361749008
2023-11-29,0.9391197424472408
2023-11-30,0.9403014983107282
2023-12-01,0.9386624883709543
2023-12-04,0.9338253929393331
2023-12-05,0.9163706605297949
2023-12-06,0.9183930372619106
2023-12-07,0.9167224697644812
2023-12-08,0.919098075698967
2023-12-11,0.9260800812809089
2023-12-12,0.9275846104881751
2023-12-13,0.9136654507173285
2023-12-14,0.9093682367918523
2023-12-15,0.9055166478969789
2023-12-18,0.9001760515105519
2023-12-19,0.9008484796552907
2023-12-20,0.8904448660823582
2023-12-21,0.8983480879400676
2023-12-22,0.8983615286686579
2023-12-25,0.9005387553248788
2023-12-26,0.8934788228957548
2023-12-27,0.8969959849189639
2023-12-28,0.9168017431327425
2023-12-29,0.9221780100866671
2024-01-02,0.9124792635753807
2024-01-03,0.9105282034960585
2024-01-04,0.9022841893943103
2024-01-05,0.8954051314694217
2024-01-08,0.8817312833569995
2024-01-09,0.8835888703912257
2024-01-10,0.8795375312148069
2024-01-11,0.8861848895852715
2024-01-12,0.8831163883856437
2024-01-15,0.8818901238799393
2024-01-16,0.8856800421093866
2024-01-17,0.86568758262743
2024-01-18,0.8749061352396807
2024-01-19,0.8717176957352005
2024-01-22,0.8508790824070901
2024-01-23,0.8573098222592176
2024-01-24,0.8692907751064977
2024-01-25,0.8885918817020027
2024-01-26,0.8847001175145669
2024-01-29,0.8743038730842677
2024-01-30,0.8575687705038437
2024-01-31,0.8463470596876072
2024-02-01,0.8459776722322871
2024-02-02,0.8332201439553445
2024-02-05,0.8326072320423052
2024-02-06,0.8702532438916907
2024-02-07,0.8903815551094354
2024-02-08,0.8964233707094943
2024-02-19,0.9036733339861921
2024-02-20,0.9050291583019145
2024-02-21,0.9139884444009205
2024-02-22,0.9215491112960879
2024-02-23,0.9231265974636439
2024-02-26,0.9158712970670323
2024-02-27,0.9291396219948098
2024-02-28,0.914741394506194
2024-02-29,0.9351050041619743
2024-03-01,0.9408464231503697
2024-03-04,0.941894677569407
2024-03-05,0.9450520246780592
2024-03-06,0.9421295353278166
2024-03-07,0.9346156294373991
2024-03-08,0.9408997698673065
2024-03-11,0.9537908730353034
2024-03-12,0.9546181266219459
2024-03-13,0.9492848993781521
2024-03-14,0.9462798560446556
2024-03-15,0.9506000097928806
2024-03-18,0.9605817950350096
2024-03-19,0.9531997747637468
2024-03-20,0.9554168829261128
2024-03-21,0.9533143514664839
2024-03-22,0.9425129755667631
2024-03-25,0.9346333545512413
2024-03-26,0.9376972286147971
2024-03-27,0.9238179503500955
2024-03-28,0.9304541938011066
2024-03-29,0.9365469078979582
2024-04-01,0.9532300347647261
2024-04-02,0.9493749693972482
2024-04-03,0.9465424521372962
2024-04-08,0.9369020467120404
2024-04-09,0.9383516378592763
2024-04-10,0.929617245262694
2024-04-11,0.9307291044410714
2024-04-12,0.9240243842726338
2024-04-15,0.9412698183420654
2024-04-16,0.927042721441512
2024-04-17,0.9444764236400137
2024-04-18,0.9458014738285266
2024-04-19,0.9386746315428683
2024-04-22,0.934402193605249
2024-04-23,0.9268446114674631
2024-04-24,0.9323704157077805
2024-04-25,0.9339033932331195
2024-04-26,0.9496619497625227
2024-04-29,0.9623085002203399
2024-04-30,0.9567676639083387
2024-05-06,0.9712712872741517
2024-05-07,0.9714242275865446
2024-05-08,0.9626481173187093
2024-05-09,0.9738707094941977
2024-05-10,0.97323231160946
2024-05-13,0.9715449982862459
2024-05-14,0.9698359937325565
2024-05-15,0.9612767712872741
2024-05-16,0.963084218772952
2024-05-17,0.9735448269108359
2024-05-20,0.9775410811340156
2024-05-21,0.9725968760710962
2024-05-22,0.973755765558439
2024-05-23,0.9605192674925329
2024-05-24,0.9503657640895069
2024-05-27,0.959737330460755
2024-05-28,0.9520005630906331
2024-05-29,0.9534113744307888
2024-05-30,0.9487390442148559
2024-05-31,0.9459059393820692
2024-06-03,0.9460665671057141
2024-06-04,0.9544565196102434
2024-06-05,0.9474314253537679
2024-06-06,0.9446875091808256
2024-06-07,0.9402193360426969
2024-06-11,0.9344676345296969
2024-06-12,0.935419184253048
2024-06-13,0.9301319101013563
2024-06-14,0.9340036723302159
2024-06-17,0.932683469617588
2024-06-18,0.9356165352788522
2024-06-19,0.9294636928952652
2024-06-20,0.9210594917494981
2024-06-21,0.9199129168094795
2024-06-24,0.9112005092297899
2024-06-25,0.905459163687999
2024-06-26,0.9131415316065221
2024-06-27,0.9037718993291877
2024-06-28,0.9059270185575087
2024-07-01,0.9119403123928904
2024-07-02,0.9082213925476179
2024-07-03,0.9048097243304118
2024-07-04,0.8978491651569309
2024-07-05,0.8964132105958967
2024-07-08,0.8868721539440827
2024-07-09,0.8986178817999315
2024-07-10,0.8949878568280859
2024-07-11,0.9070646574940018
2024-07-12,0.9069600205650493
2024-07-15,0.9060864466532831
2024-07-16,0.9110731038534986
2024-07-17,0.9098028448318073
2024-07-18,0.9145671546785488
2024-07-19,0.9178559467267297
2024-07-22,0.9128513195906577
2024-07-23,0.891557924888606
2024-07-24,0.8847864662390442
2024-07-25,0.880960069529452
2024-07-26,0.8861816089702786
2024-07-29,0.8812787788277922
2024-07-30,0.8766498555550115
2024-07-31,0.8995008568770504
2024-08-01,0.8934899133330069
2024-08-02,0.8836948783234589
2024-08-05,0.871288571708368
2024-08-06,0.8738346716936788
2024-08-07,0.8735958723008372
2024-08-08,0.8740577290309944
2024-08-09,0.8702095186799198
2024-08-12,0.8687966753170445
2024-08-13,0.8712805170640944
2024-08-14,0.8633740635557949
2024-08-15,0.8712281496352152
2024-08-16,0.8706651324487098
2024-08-19,0.8734659697399991
2024-08-20,0.864989864368604
2024-08-21,0.8621353131273564
2024-08-22,0.8580004161974244
2024-08-23,0.8609279488811634
2024-08-26,0.8606797483229691
2024-08-27,0.8547216373696322
2024-08-28,0.8512433530823093
2024-08-29,0.8521722078049259
2024-08-30,0.8644825197081722
2024-09-02,0.8491811193262498
2024-09-03,0.8531092151006219
2024-09-04,0.8482774078245117
2024-09-05,0.8502470743769279
2024-09-06,0.8421447632571122
2024-09-09,0.833224183518582
2024-09-10,0.8337980218381237
2024-09-11,0.8322409783087696
2024-09-12,0.8287212701366108
2024-09-13,0.824031582039857
2024-09-18,0.8268857660480831
2024-09-19,0.8344354893992068
2024-09-20,0.8344087548352348
2024-09-23,0.8365365029623464
2024-09-24,0.8727781422905547
2024-09-25,0.8844345345933506
2024-09-26,0.9221285070753562
2024-09-27,0.9652883024041522
2024-09-30,1.0517756206238065
2024-10-08,1.1174386476031923
2024-10-09,1.039291974734368
2024-10-10,1.0454368114380845
2024-10-11,1.0136349948587378
2024-10-14,1.034489864368604
2024-10-15,1.0076008421877294
2024-10-16,1.002287298633893
2024-10-17,0.991848332762082
2024-10-18,1.0288713705136368
2024-10-21,1.0337742251383244
2024-10-22,1.040481515937913
2024-10-23,1.0445432845321452
2024-10-24,1.0335584634970376
2024-10-25,1.04278027224208
2024-10-28,1.0476975224012144
2024-10-29,1.0366793810899477
2024-10-30,1.0309423688978112
2024-10-31,1.0341641286784509
2024-11-01,1.0307737844586986
2024-11-04,1.0459689565685748
2024-11-05,1.0739519169563727
2024-11-06,1.0706072075601039
2024-11-07,1.0996444939528962
2024-11-08,1.0906902022229839
2024-11-11,1.1009697644812222
2024-11-12,1.0890031092395829
2024-11-13,1.093749693972482
2024-11-14,1.0714344856289477
2024-11-15,1.0504873671840573
2024-11-18,1.042670053371199
2024-11-19,1.052624761298536
2024-11-20,1.056928095774372
2024-11-21,1.0572946677765265
2024-11-22,1.022258605493806
2024-11-25,1.0181346276257162
2024-11-26,1.0145101111491948
2024-11-27,1.0328795475689174
2024-11-28,1.0239400430886747
2024-11-29,1.0369083386378104
2024-12-02,1.0472078538902219
2024-12-03,1.0475152034470938
2024-12-04,1.0409041276991626
2024-12-05,1.0401876315918328
2024-12-06,1.0538444645742544
2024-12-09,1.051082774323067
2024-12-10,1.0588494099789454
2024-12-11,1.0600395877197277
2024-12-12,1.0702682759633746
2024-12-13,1.04642398276453
2024-12-16,1.0387636488273027
2024-12-17,1.0378049747833327
2024-12-18,1.0435570680115558
2024-12-19,1.044868506096068
2024-12-20,1.0420934730450961
2024-12-23,1.038708539391862
2024-12-24,1.0520606668951673
2024-12-25,1.0499175439455515
2024-12-26,1.0524279978455664
2024-12-27,1.0517187729520638
2024-12-30,1.0552412476129853
2024-12-31,1.0347096900553299
2025-01-02,1.00398724477305
2025-01-03,0.9896971306859913
2025-01-06,0.9884496645938403
2025-01-07,0.996416123977868
2025-01-08,0.9940041374920433
2025-01-09,0.9919429319884444
2025-01-10,0.9786374185966802
2025-01-13,0.9772528032120649
2025-01-14,1.005231479214611
2025-01-15,0.9981358027713851
2025-01-16,1.0000549380600303
2025-01-17,1.0043147186995054
2025-01-20,1.008956103412819
2025-01-21,1.0104327963570485
2025-01-22,1.0022181364148264
2025-01-23,1.0024890074915536
2025-01-24,1.011218234343632
2025-01-27,1.0053377809332615
2025-02-05,1.0021756842775302
2025-02-06,1.017673823630221
2025-02-07,1.0314090731038537
2025-02-10,1.0355555990794691
2025-02-11,1.0306493414287812
2025-02-12,1.0416305880624785
2025-02-13,1.0368014493463253
2025-02-14,1.0457190422562797
2025-02-17,1.0474067717769182
2025-02-18,1.0356564657494003
2025-02-19,1.0457650932771876
2025-02-20,1.0441838123684082
2025-02-21,1.0584725309699847
2025-02-24,1.0562055770454881
2025-02-25,1.0445772658277432
2025-02-26,1.0545993732556433
2025-02-27,1.055157126768839
2025-02-28,1.0320782695980024
2025-03-03,1.0329592126524016
2025-03-04,1.0346987954756892
2025-03-05,1.0387029819321354
2025-03-06,1.0536854771581061
2025-03-07,1.0497279537776036
2025-03-10,1.046735494295647
2025-03-11,1.0506487783381482
2025-03-12,1.0476601380796162
2025-03-13,1.0424547324095381
2025-03-14,1.0659537531214807
2025-03-17,1.0644054497380404
2025-03-18,1.0677108896832004
2025-03-19,1.0667291534054744
2025-03-20,1.0579030015178965
2025-03-21,1.0420558439014835
2025-03-24,1.0458786662096655
2025-03-25,1.0443622386524996
2025-03-26,1.041894946873623
2025-03-27,1.0448738676981835
2025-03-28,1.0395828967340743
2025-03-31,1.031443519561279
2025-04-01,1.0331275522695
2025-04-02,1.032766684620281
2025-04-03,1.025818586887333
2025-04-07,0.9468173872594624
2025-04-08,0.9606778631934584
2025-04-09,0.9729268716643
2025-04-10,0.9871929197473437
2025-04-11,0.9919244234441561
2025-04-14,0.9957200705087401
2025-04-15,0.9950008568770504
2025-04-16,0.9951767614943936
2025-04-17,0.9950661264260883
2025-04-18,0.9952954512069726
2025-04-21,1.001467977280517
2025-04-22,1.0004517455809627
2025-04-23,1.0015195123145473
2025-04-24,0.9996899329187682
2025-04-25,1.0011847916564658
2025-04-28,0.998804558585908
2025-04-29,0.9978246095088871
2025-04-30,0.9981761984037605
2025-05-06,1.0106056896636146
2025-05-07,1.0155912696469667
2025-05-08,1.0208429956421683
2025-05-09,1.0171302942760612
2025-05-12,1.0291532585810117
2025-05-13,1.0297103021103657
2025-05-14,1.0397220535670566
2025-05-15,1.0288101894922392
2025-05-16,1.025282108407188
2025-05-19,1.0231667482740048
2025-05-20,1.028510968026245
2025-05-21,1.0325677912157862
2025-05-22,1.0295663222837
2025-05-23,1.0210632620085198
2025-05-26,1.0174680996915244
2025-05-27,1.0126106595505067
2025-05-28,1.011306443715419
2025-05-29,1.019507638446849
2025-05-30,1.0136432453606228
2025-06-03,1.0170450717328503
2025-06-04,1.0223542819370317
2025-06-05,1.0255041864564463
2025-06-06,1.024441414091955
2025-06-09,1.0286507613964648
2025-06-10,1.0225827008764627
2025-06-11,1.0299074572785585
2025-06-12,1.0297521666748273
2025-06-13,1.021516207217353
2025-06-16,1.0246700044067965
2025-06-17,1.0232219311560495
2025-06-18,1.0238890711452775
2025-06-19,1.0144620281055672
2025-06-20,1.013438011065955
2025-06-23,1.0172405376291436
2025-06-24,1.0305009303236548
2025-06-25,1.0459337511629045
2025-06-26,1.042062037898448
2025-06-27,1.0384807080252656
2025-06-30,1.0436653527885227
2025-07-01,1.0458623855457083
2025-07-02,1.0441239044214856
2025-07-03,1.0502700141996768
2025-07-04,1.0525243842726337
2025-07-07,1.0486791117857317
2025-07-08,1.0587600744258923
2025-07-09,1.0562618126621945
2025-07-10,1.0612723889732165
2025-07-11,1.0642347353474026
2025-07-14,1.06450952357636
2025-07-15,1.0646867502325807
2025-07-16,1.0622892816922096
2025-07-17,1.0706406747294717
2025-07-18,1.0761453997943495
2025-07-21,1.0842873720804973
2025-07-22,1.0932213925476177
2025-07-23,1.0926145522205357
2025-07-24,1.102804387210498
2025-07-25,1.098790848553102
2025-07-28,1.101584267737355
2025-07-29,1.1062643588111443
2025-07-30,1.104205234294668
2025-07-31,1.085312025657347
2025-08-01,1.0806564902316016
2025-08-04,1.0859798756304166
2025-08-05,1.094308622631347
2025-08-06,1.098764726044166
2025-08-07,1.0980845615237722
2025-08-08,1.0955373353571953
2025-08-11,1.1021147480781472
2025-08-12,1.107507467071439
2025-08-13,1.1180633599373255
2025-08-14,1.1138264701561964
2025-08-15,1.125896905449738
2025-08-18,1.1377414924349998
2025-08-19,1.1340055574597268
2025-08-20,1.1467656318856192
2025-08-21,1.148934779415365
2025-08-22,1.1720215688194684
2025-08-25,1.1958394702051607
2025-08-26,1.1931388875287667
2025-08-27,1.1754415609851638
2025-08-28,1.1974988983009354
2025-08-29,1.2054710865201
2025-09-01,1.2138059785535915
2025-09-02,1.2004517700631643
2025-09-03,1.190160848063458
2025-09-04,1.16379285609362
2025-09-05,1.192346545561377
2025-09-08,1.1973588356264995
2025-09-09,1.1883164324536064
2025-09-10,1.1902467561083092
2025-09-11,1.2191374430788817
2025-09-12,1.2151817068990844
2025-09-15,1.216873182196543
2025-09-16,1.217430764334329
2025-09-17,1.2260320961660873
2025-09-18,1.212891617294227
2025-09-19,1.2122824756402097
2025-09-22,1.2188560446555354
2025-09-23,1.2162611271605543
2025-09-24,1.231908093815796
2025-09-25,1.2380943054399451
2025-09-26,1.2249628849826177
2025-09-29,1.2437287372080497
2025-09-30,1.2506157763306076
2025-10-09,1.2703789844782842
2025-10-10,1.2452866376144542
2025-10-13,1.2398091122753758
2025-10-14,1.2206931645693582
2025-10-15,1.238431596729178
2025-10-16,1.237943299221466
2025-10-17,1.2076135484502768
2025-10-20,1.2147784115947706
2025-10-21,1.2337660236008423
2025-10-22,1.2281404054252558
2025-10-23,1.231506903980806
2025-10-24,1.2474728002742006
2025-10-27,1.2638765852225433
2025-10-28,1.2573985457572343
2025-10-29,1.2747815697987561
2025-10-30,1.2629685648533517
2025-10-31,1.2468744307888164
2025-11-03,1.2494919943201293
2025-11-04,1.237048450276649
2025-11-05,1.239577192381139
2025-11-06,1.2578953630710472
2025-11-07,1.2542119179356608
2025-11-10,1.2581303677226658
2025-11-11,1.2473217206091172
2025-11-12,1.2438743573422122
2025-11-13,1.2600354747098859
2025-11-14,1.2400313372178426
2025-11-17,1.2341239533858883
2025-11-18,1.224395289624443
2025-11-19,1.227040542525584
2025-11-20,1.2196704450864222
2025-11-21,1.1866035352298878
2025-11-24,1.1878795475689174
2025-11-25,1.2001197179650394
2025-11-26,1.205938892425207
2025-11-27,1.204871174656025
2025-11-28,1.2107643588111443
2025-12-01,1.2237644812221515
2025-12-02,1.2165948440483767
2025-12-03,1.2100096215051659
2025-12-04,1.2138089408999657
2025-12-05,1.2251608725456593
2025-12-08,1.2358830485237233
2025-12-09,1.2289237379425157
2025-12-10,1.2292611516427558
2025-12-11,1.218128727415169
2025-12-12,1.2277611516427558
2025-12-15,1.2195364295157423
2025-12-16,1.2036875336630268
2025-12-17,1.226098859129413
2025-12-18,1.2190850756500025
2025-12-19,1.2252349312050141
2025-12-22,1.2377011947314303
2025-12-23,1.2395467120403467
2025-12-24,1.2464954218283308
2025-12-25,1.2508286980365275
2025-12-26,1.255909709641091
2025-12-29,1.2511091416540174
2025-12-30,1.254740611075748
2025-12-31,1.2508383929882976
2026-01-05,1.2765596876071097
2026-01-06,1.2983244136512757
2026-01-07,1.2983278656416783
2026-01-08,1.291527126279195
2026-01-09,1.3030763844684914
2026-01-12,1.317921803848602
2026-01-13,1.3074258923762425
2026-01-14,1.3075004161974246
2026-01-15,1.3091693433873575
2026-01-16,1.3057463154286832
2026-01-19,1.3087664642804682
2026-01-20,1.3038753611124712
2026-01-21,1.30889506928463
2026-01-22,1.311178671106106
2026-01-23,1.3162070949419773
2026-01-26,1.3132939333104832
2026-01-27,1.3149626646428045
2026-01-28,1.3197576751701514
2026-01-29,1.323035988836116
2026-01-30,1.3069837683004457
2026-02-02,1.2720712676883905
2026-02-03,1.2940726631738726
2026-02-04,1.302228982030064
2026-02-05,1.2897133623855457
2026-02-06,1.2844463839788474
2026-02-09,1.3067955491357783
2026-02-10,1.3076074278999168
2026-02-11,1.3064243255153505
2026-02-12,1.3119999265533957
2026-02-13,1.2947157861234881
2026-02-24,1.308237379425158
2026-02-25,1.3199349018263722
2026-02-26,1.3195075405180434
2026-02-27,1.3209109092689615
2026-03-02,1.3244542672477109
2026-03-03,1.2930106987220291
2026-03-04,1.2810369681241738
2026-03-05,1.2926471625128533
2026-03-06,1.2974814914557118
2026-03-09,1.2849506683640994
2026-03-10,1.3025709249375705
2026-03-11,1.3081095088870391
2026-03-12,1.302782157371591
2026-03-13,1.293717499877589
2026-03-16,1.2917099593595456
2026-03-17,1.2773057337315772
2026-03-18,1.2850738138373403
2026-03-19,1.2603224305929588
2026-03-20,1.2518053420163542
2026-03-23,1.207956054448416
2026-03-24,1.2262420310434314
2026-03-25,1.2463338392988297
2026-03-26,1.2288296528423837
2026-03-27,1.2380979043235567
2026-03-30,1.236739166625863
2026-03-31,1.2222912157861237
2026-04-01,1.2432910199285119
2026-04-02,1.2274272388973215
2026-04-03,1.2167238897321646
2026-04-07,1.218333741370024
2026-04-08,1.2658391519365422
2026-04-09,1.2579502276844734
2026-04-10,1.2750124614405327
2026-04-13,1.2768243646868727
2026-04-14,1.2931714733388826
2026-04-15,1.2879919453557263
2026-04-16,1.3042852176467707
2026-04-17,1.3042736130832884
2026-04-20,1.3133842481515938
2026-04-21,1.3145667629633258
2026-04-22,1.32560527346619
2026-04-23,1.3193062478578075
2026-04-24,1.3138162855603976
2026-04-27,1.3164531165842432
2026-04-28,1.3096229985800325
2026-04-29,1.3261809479508397
2026-04-30,1.3259046907897958
2026-05-06,1.3505043823140577
2026-05-07,1.360040101845958
2026-05-08,1.3542911423395192
2026-05-11,1.3766422171081625
2026-05-12,1.3734520148851785
2026-05-13,1.3893653968564854
2026-05-14,1.3616020418156
2026-05-15,1.3446910346178327
2026-05-18,1.340372741516917
2026-05-19,1.3475344464574255
2026-05-20,1.3483938696567594
2026-05-21,1.3243364588943838
2026-05-22,1.3436827841159475
2026-05-25,1.3645136121040005
2026-05-26,1.367623586152867
2026-05-27,1.3540105028644176
2026-05-28,1.3566655241639327
2026-05-29,1.3430585124614405
2026-06-01,1.329756083827058
2026-06-02,1.3457424962052589
2026-06-03,1.3523674043970033
2026-06-04,1.3454156832982422
2026-06-05,1.3233262987807863
2026-06-08,1.2899157812270479
2026-06-09,1.3169440336875091
2026-06-10,1.301362091759291
2026-06-11,1.2949315722469765
2026-06-12,1.3089418058071782
2026-06-15,1.344963080840229
2026-06-16,1.3479212897223718
2026-06-17,1.3625595162316995
2026-06-18,1.3666181266219457
2026-06-22,1.3987617392155902
2026-06-23,1.362870268814572
2026-06-24,1.3743674778436077
2026-06-25,1.3939175194633502
2026-06-26,1.353325833618959
2026-06-29,1.3701971796503942
2026-06-30,1.389910933751163
2026-07-01,1.3857242814473878
2026-07-02,1.3417609313029428
2026-07-03,1.3499643049503012
2026-07-06,1.3457923419673898
2026-07-07,1.3296179307643343
2026-07-08,1.317073520050923
2026-07-09,1.3527076335504087
2026-07-10,1.327117808353327
2026-07-13,1.2940079567154679
2026-07-14,1.320228639279244
2026-07-15,1.312648606962738
2026-07-16,1.2865956764432258
2026-07-17,1.233404519414386
2026-07-20,1.2427056749742937
2026-07-21,1.2879151202076091
2026-07-22,1.2813798168731332
2026-07-23,1.2827623023062233
2026-07-24,1.2581852568182932
2026-07-27,1.277059761053714
2026-07-28,1.238375018361651
2026-07-29,1.2480681829310092
2026-07-30,1.228542427655095
2026-07-31,1.244320594427851
2026-08-03,1.2318507565000245
2026-08-04,1.2518486510307008
2026-08-05,1.2721261323018167
2026-08-06,1.2716470645840474
2026-08-07,1.2868735494295647
2026-08-10,1.2906205993242912
2026-08-11,1.2802088821426822
2026-08-12,1.2890367722665623
2026-08-13,1.2802783136659648
2026-08-14,1.2816277726093133
2026-08-17,1.3051674092934438
2026-08-18,1.301791362679332
2026-08-19,1.2571435636292416
2026-08-20,1.2608944817117955
2026-08-21,1.2662809577437202
2026-08-24,1.2491276746805071
2026-08-25,1.2466451304901336
2026-08-26,1.2569940018606471
2026-08-27,1.2725938402781178
2026-08-28,1.266150100377026
2026-08-31,1.271812466336973
